id_parada,data_hora_inicio,data_hora_fim,aerogerador,subsistema,codigo_alarme,descricao_alarme,tempo_parada_horas,tipo_manutencao
1,2025-01-01 02:19:00,2025-01-01 11:01:00,WTG-19,Sensors / Weather,801,Anemometer mismatch,8.7,Preventiva
2,2025-01-01 08:51:00,2025-01-01 12:33:00,WTG-14,Hydraulic System,404,Hydraulic oil low level,3.7,Corretiva
3,2025-01-01 10:14:00,2025-01-02 06:20:00,WTG-03,Hydraulic System,403,Hydraulic pump motor overload,20.1,Corretiva
4,2025-01-01 10:30:00,2025-01-02 05:12:00,WTG-09,Sensors / Weather,801,Anemometer mismatch,18.7,Corretiva
5,2025-01-01 10:57:00,2025-01-01 15:57:00,WTG-20,Sensors / Weather,803,Ice detection on blades,5.0,Corretiva
6,2025-01-01 18:37:00,2025-01-02 02:55:00,WTG-02,Hydraulic System,403,Hydraulic pump motor overload,8.3,Corretiva
7,2025-01-01 20:24:00,2025-01-02 06:48:00,WTG-27,Sensors / Weather,802,Wind vane error,10.4,Corretiva
8,2025-01-02 00:47:00,2025-01-02 04:47:00,WTG-07,Converter / Electrical,604,DC link overvoltage,4.0,Corretiva
9,2025-01-02 00:59:00,2025-01-02 07:23:00,WTG-24,Converter / Electrical,601,Grid voltage out of limits,6.4,Corretiva
10,2025-01-02 18:06:00,2025-01-03 09:30:00,WTG-14,Yaw System,305,Yaw inverter fault,15.4,Corretiva
11,2025-01-03 12:51:00,2025-01-03 14:15:00,WTG-07,Sensors / Weather,803,Ice detection on blades,1.4,Corretiva
12,2025-01-03 20:43:00,2025-01-04 10:01:00,WTG-30,Generator,502,Generator cooling failure,13.3,Corretiva
13,2025-01-04 00:52:00,2025-01-04 14:10:00,WTG-29,Hydraulic System,402,High hydraulic pressure,13.3,Corretiva
14,2025-01-04 01:04:00,2025-01-04 03:10:00,WTG-13,Converter / Electrical,603,Converter communication failure,2.1,Corretiva
15,2025-01-04 07:13:00,2025-01-04 09:49:00,WTG-03,Hydraulic System,404,Hydraulic oil low level,2.6,Corretiva
16,2025-01-05 05:25:00,2025-01-05 09:49:00,WTG-09,Gearbox (Multiplicador),703,Bearing vibration high,4.4,Corretiva
17,2025-01-05 09:20:00,2025-01-05 11:26:00,WTG-13,Generator,504,Slip ring brush wear limit,2.1,Corretiva
18,2025-01-06 12:22:00,2025-01-06 20:16:00,WTG-26,Sensors / Weather,802,Wind vane error,7.9,Corretiva
19,2025-01-06 16:21:00,2025-01-06 19:33:00,WTG-12,Yaw System,301,Yaw error,3.2,Corretiva
20,2025-01-06 16:33:00,2025-01-07 06:21:00,WTG-17,Sensors / Weather,802,Wind vane error,13.8,Corretiva
21,2025-01-06 22:31:00,2025-01-07 16:01:00,WTG-21,Hydraulic System,405,Valve switching failure,17.5,Corretiva
22,2025-01-07 04:30:00,2025-01-07 11:18:00,WTG-19,Sensors / Weather,801,Anemometer mismatch,6.8,Preventiva
23,2025-01-07 06:54:00,2025-01-07 16:12:00,WTG-21,Generator,502,Generator cooling failure,9.3,Preventiva
24,2025-01-07 10:03:00,2025-01-07 13:03:00,WTG-24,Generator,505,Generator overspeed,3.0,Corretiva
25,2025-01-07 13:03:00,2025-01-08 00:03:00,WTG-25,Yaw System,305,Yaw inverter fault,11.0,Preventiva
26,2025-01-07 22:54:00,2025-01-08 04:12:00,WTG-01,Pitch System,201,Difference between Pitch angles,5.3,Corretiva
27,2025-01-08 02:26:00,2025-01-08 08:38:00,WTG-02,Gearbox (Multiplicador),703,Bearing vibration high,6.2,Corretiva
28,2025-01-08 05:49:00,2025-01-08 20:13:00,WTG-05,Yaw System,301,Yaw error,14.4,Corretiva
29,2025-01-08 17:08:00,2025-01-09 01:44:00,WTG-29,Hydraulic System,404,Hydraulic oil low level,8.6,Corretiva
30,2025-01-08 18:39:00,2025-01-08 22:09:00,WTG-17,Converter / Electrical,601,Grid voltage out of limits,3.5,Corretiva
31,2025-01-09 07:25:00,2025-01-09 10:19:00,WTG-04,Hydraulic System,404,Hydraulic oil low level,2.9,Corretiva
32,2025-01-09 14:00:00,2025-01-09 19:30:00,WTG-18,Pitch System,202,Pitch battery fault,5.5,Corretiva
33,2025-01-09 17:59:00,2025-01-12 01:17:00,WTG-10,Sensors / Weather,802,Wind vane error,55.3,Corretiva
34,2025-01-09 20:39:00,2025-01-09 23:33:00,WTG-15,Sensors / Weather,802,Wind vane error,2.9,Corretiva
35,2025-01-09 22:28:00,2025-01-10 14:28:00,WTG-17,Sensors / Weather,804,Ambient temperature out of range,16.0,Corretiva
36,2025-01-10 20:00:00,2025-01-11 07:42:00,WTG-20,Hydraulic System,405,Valve switching failure,11.7,Preventiva
37,2025-01-11 00:46:00,2025-01-11 12:34:00,WTG-03,Sensors / Weather,801,Anemometer mismatch,11.8,Corretiva
38,2025-01-11 11:37:00,2025-01-11 14:01:00,WTG-05,Hydraulic System,405,Valve switching failure,2.4,Corretiva
39,2025-01-11 13:23:00,2025-01-11 14:05:00,WTG-16,Converter / Electrical,604,DC link overvoltage,0.7,Corretiva
40,2025-01-11 14:53:00,2025-01-11 17:53:00,WTG-30,Generator,503,Bearing temperature high,3.0,Corretiva
41,2025-01-11 18:35:00,2025-01-12 02:11:00,WTG-27,Pitch System,202,Pitch battery fault,7.6,Preventiva
42,2025-01-12 04:21:00,2025-01-12 07:57:00,WTG-22,Gearbox (Multiplicador),701,Low oil pressure,3.6,Corretiva
43,2025-01-12 09:41:00,2025-01-12 11:17:00,WTG-02,Converter / Electrical,601,Grid voltage out of limits,1.6,Corretiva
44,2025-01-12 12:40:00,2025-01-12 13:28:00,WTG-04,Converter / Electrical,601,Grid voltage out of limits,0.8,Corretiva
45,2025-01-12 17:31:00,2025-01-13 00:19:00,WTG-25,Pitch System,201,Difference between Pitch angles,6.8,Corretiva
46,2025-01-13 20:21:00,2025-01-13 21:45:00,WTG-05,Pitch System,204,Pitch position sensor error,1.4,Corretiva
47,2025-01-14 12:27:00,2025-01-15 10:09:00,WTG-29,Converter / Electrical,604,DC link overvoltage,21.7,Corretiva
48,2025-01-15 01:12:00,2025-01-15 06:12:00,WTG-09,Generator,504,Slip ring brush wear limit,5.0,Preventiva
49,2025-01-15 05:27:00,2025-01-15 18:21:00,WTG-22,Gearbox (Multiplicador),705,Gear mesh frequency vibration,12.9,Corretiva
50,2025-01-15 08:48:00,2025-01-15 11:18:00,WTG-01,Sensors / Weather,802,Wind vane error,2.5,Corretiva
51,2025-01-15 09:18:00,2025-01-15 10:54:00,WTG-15,Sensors / Weather,804,Ambient temperature out of range,1.6,Corretiva
52,2025-01-15 13:48:00,2025-01-15 18:42:00,WTG-22,Yaw System,305,Yaw inverter fault,4.9,Preventiva
53,2025-01-15 17:07:00,2025-01-15 18:49:00,WTG-24,Gearbox (Multiplicador),704,Oil filter clogged,1.7,Corretiva
54,2025-01-16 02:47:00,2025-01-17 00:41:00,WTG-15,Hydraulic System,403,Hydraulic pump motor overload,21.9,Corretiva
55,2025-01-16 18:06:00,2025-01-17 16:24:00,WTG-08,Gearbox (Multiplicador),704,Oil filter clogged,22.3,Corretiva
56,2025-01-16 20:00:00,2025-01-17 14:36:00,WTG-27,Hydraulic System,405,Valve switching failure,18.6,Corretiva
57,2025-01-17 01:22:00,2025-01-17 23:10:00,WTG-18,Yaw System,301,Yaw error,21.8,Corretiva
58,2025-01-17 20:01:00,2025-01-18 04:43:00,WTG-29,Hydraulic System,405,Valve switching failure,8.7,Corretiva
59,2025-01-17 21:42:00,2025-01-18 21:54:00,WTG-03,Sensors / Weather,803,Ice detection on blades,24.2,Corretiva
60,2025-01-17 23:44:00,2025-01-18 14:02:00,WTG-27,Hydraulic System,403,Hydraulic pump motor overload,14.3,Corretiva
61,2025-01-18 04:02:00,2025-01-18 16:02:00,WTG-07,Gearbox (Multiplicador),705,Gear mesh frequency vibration,12.0,Preventiva
62,2025-01-18 06:39:00,2025-01-18 19:27:00,WTG-30,Yaw System,304,Yaw brake failure,12.8,Corretiva
63,2025-01-18 07:48:00,2025-01-19 03:18:00,WTG-12,Converter / Electrical,601,Grid voltage out of limits,19.5,Corretiva
64,2025-01-18 15:37:00,2025-01-18 23:19:00,WTG-08,Sensors / Weather,802,Wind vane error,7.7,Corretiva
65,2025-01-18 17:25:00,2025-01-18 19:13:00,WTG-10,Generator,504,Slip ring brush wear limit,1.8,Corretiva
66,2025-01-18 23:27:00,2025-01-19 03:09:00,WTG-23,Converter / Electrical,602,IGBT overtemperature,3.7,Corretiva
67,2025-01-19 10:11:00,2025-01-19 19:41:00,WTG-20,Generator,504,Slip ring brush wear limit,9.5,Corretiva
68,2025-01-19 11:38:00,2025-01-19 19:50:00,WTG-22,Yaw System,303,Cable twist limit exceeded,8.2,Corretiva
69,2025-01-19 21:04:00,2025-01-20 05:52:00,WTG-18,Hydraulic System,401,Low hydraulic pressure,8.8,Corretiva
70,2025-01-20 13:16:00,2025-01-20 18:46:00,WTG-10,Hydraulic System,403,Hydraulic pump motor overload,5.5,Corretiva
71,2025-01-21 00:30:00,2025-01-21 07:30:00,WTG-14,Pitch System,201,Difference between Pitch angles,7.0,Preventiva
72,2025-01-21 05:02:00,2025-01-21 19:20:00,WTG-11,Gearbox (Multiplicador),703,Bearing vibration high,14.3,Corretiva
73,2025-01-21 13:23:00,2025-01-21 20:05:00,WTG-27,Hydraulic System,402,High hydraulic pressure,6.7,Corretiva
74,2025-01-21 14:58:00,2025-01-21 20:40:00,WTG-07,Gearbox (Multiplicador),705,Gear mesh frequency vibration,5.7,Corretiva
75,2025-01-21 15:08:00,2025-01-21 19:50:00,WTG-12,Yaw System,305,Yaw inverter fault,4.7,Corretiva
76,2025-01-22 05:35:00,2025-01-22 20:47:00,WTG-19,Hydraulic System,402,High hydraulic pressure,15.2,Corretiva
77,2025-01-22 07:01:00,2025-01-22 15:43:00,WTG-05,Generator,504,Slip ring brush wear limit,8.7,Corretiva
78,2025-01-22 09:09:00,2025-01-22 15:33:00,WTG-20,Pitch System,205,Blade angle asymmetry limit reached,6.4,Corretiva
79,2025-01-22 14:28:00,2025-01-22 16:52:00,WTG-06,Gearbox (Multiplicador),705,Gear mesh frequency vibration,2.4,Corretiva
80,2025-01-22 18:12:00,2025-01-22 20:36:00,WTG-04,Hydraulic System,404,Hydraulic oil low level,2.4,Corretiva
81,2025-01-22 19:04:00,2025-01-23 13:46:00,WTG-22,Sensors / Weather,801,Anemometer mismatch,18.7,Corretiva
82,2025-01-23 07:58:00,2025-01-23 12:10:00,WTG-29,Gearbox (Multiplicador),701,Low oil pressure,4.2,Corretiva
83,2025-01-23 08:54:00,2025-01-23 18:42:00,WTG-19,Converter / Electrical,603,Converter communication failure,9.8,Preventiva
84,2025-01-23 18:47:00,2025-01-24 01:23:00,WTG-02,Converter / Electrical,601,Grid voltage out of limits,6.6,Preventiva
85,2025-01-23 20:03:00,2025-01-24 00:45:00,WTG-27,Pitch System,202,Pitch battery fault,4.7,Corretiva
86,2025-01-24 06:18:00,2025-01-24 18:24:00,WTG-11,Yaw System,305,Yaw inverter fault,12.1,Corretiva
87,2025-01-24 10:06:00,2025-01-24 22:12:00,WTG-19,Hydraulic System,401,Low hydraulic pressure,12.1,Corretiva
88,2025-01-24 13:03:00,2025-01-24 23:15:00,WTG-21,Hydraulic System,405,Valve switching failure,10.2,Corretiva
89,2025-01-24 15:58:00,2025-01-24 18:40:00,WTG-17,Gearbox (Multiplicador),702,High oil temperature,2.7,Corretiva
90,2025-01-25 12:21:00,2025-01-25 17:39:00,WTG-17,Yaw System,305,Yaw inverter fault,5.3,Corretiva
91,2025-01-26 19:55:00,2025-01-27 05:25:00,WTG-01,Gearbox (Multiplicador),704,Oil filter clogged,9.5,Preventiva
92,2025-01-27 05:23:00,2025-01-28 03:59:00,WTG-12,Generator,503,Bearing temperature high,22.6,Corretiva
93,2025-01-27 07:01:00,2025-01-27 18:55:00,WTG-24,Converter / Electrical,603,Converter communication failure,11.9,Corretiva
94,2025-01-27 08:21:00,2025-01-27 18:09:00,WTG-23,Hydraulic System,403,Hydraulic pump motor overload,9.8,Corretiva
95,2025-01-27 14:31:00,2025-01-27 22:43:00,WTG-21,Yaw System,302,Yaw motor overload,8.2,Preventiva
96,2025-01-27 15:53:00,2025-01-27 16:59:00,WTG-01,Hydraulic System,401,Low hydraulic pressure,1.1,Corretiva
97,2025-01-27 16:28:00,2025-01-27 23:34:00,WTG-26,Pitch System,203,Pitch motor overtemperature,7.1,Corretiva
98,2025-01-27 17:39:00,2025-01-27 22:39:00,WTG-02,Sensors / Weather,803,Ice detection on blades,5.0,Preventiva
99,2025-01-27 22:33:00,2025-01-28 02:33:00,WTG-10,Pitch System,202,Pitch battery fault,4.0,Corretiva
100,2025-01-28 00:34:00,2025-01-28 02:22:00,WTG-10,Sensors / Weather,801,Anemometer mismatch,1.8,Corretiva
101,2025-01-28 00:46:00,2025-01-28 03:22:00,WTG-28,Sensors / Weather,801,Anemometer mismatch,2.6,Corretiva
102,2025-01-28 09:21:00,2025-01-28 20:21:00,WTG-06,Generator,503,Bearing temperature high,11.0,Preventiva
103,2025-01-28 12:29:00,2025-01-28 16:59:00,WTG-05,Sensors / Weather,802,Wind vane error,4.5,Corretiva
104,2025-01-28 14:37:00,2025-01-28 18:25:00,WTG-12,Yaw System,302,Yaw motor overload,3.8,Corretiva
105,2025-01-29 07:20:00,2025-01-29 09:44:00,WTG-28,Gearbox (Multiplicador),704,Oil filter clogged,2.4,Corretiva
106,2025-01-29 13:28:00,2025-01-30 00:22:00,WTG-04,Generator,504,Slip ring brush wear limit,10.9,Corretiva
107,2025-01-29 16:30:00,2025-01-29 23:48:00,WTG-19,Gearbox (Multiplicador),705,Gear mesh frequency vibration,7.3,Corretiva
108,2025-01-29 21:00:00,2025-01-30 05:42:00,WTG-29,Pitch System,205,Blade angle asymmetry limit reached,8.7,Corretiva
109,2025-01-30 12:06:00,2025-01-31 03:24:00,WTG-15,Generator,504,Slip ring brush wear limit,15.3,Corretiva
110,2025-01-30 18:46:00,2025-01-30 21:40:00,WTG-28,Hydraulic System,404,Hydraulic oil low level,2.9,Corretiva
111,2025-01-31 11:23:00,2025-01-31 11:53:00,WTG-30,Generator,502,Generator cooling failure,0.5,Corretiva
112,2025-01-31 16:33:00,2025-02-01 01:45:00,WTG-09,Generator,501,High temperature winding,9.2,Corretiva
113,2025-02-01 02:34:00,2025-02-01 11:52:00,WTG-25,Sensors / Weather,804,Ambient temperature out of range,9.3,Corretiva
114,2025-02-01 08:30:00,2025-02-01 14:30:00,WTG-11,Sensors / Weather,802,Wind vane error,6.0,Preventiva
115,2025-02-01 09:42:00,2025-02-01 13:18:00,WTG-06,Gearbox (Multiplicador),702,High oil temperature,3.6,Corretiva
116,2025-02-01 15:13:00,2025-02-01 16:37:00,WTG-03,Converter / Electrical,605,Grid frequency instability,1.4,Corretiva
117,2025-02-01 16:02:00,2025-02-01 17:20:00,WTG-25,Sensors / Weather,801,Anemometer mismatch,1.3,Corretiva
118,2025-02-01 17:05:00,2025-02-02 09:05:00,WTG-21,Generator,502,Generator cooling failure,16.0,Corretiva
119,2025-02-01 18:32:00,2025-02-02 01:32:00,WTG-13,Generator,502,Generator cooling failure,7.0,Corretiva
120,2025-02-01 21:43:00,2025-02-02 02:01:00,WTG-21,Sensors / Weather,802,Wind vane error,4.3,Corretiva
121,2025-02-02 00:42:00,2025-02-02 04:48:00,WTG-27,Sensors / Weather,804,Ambient temperature out of range,4.1,Preventiva
122,2025-02-02 09:28:00,2025-02-02 20:46:00,WTG-24,Yaw System,305,Yaw inverter fault,11.3,Corretiva
123,2025-02-02 11:48:00,2025-02-03 00:54:00,WTG-20,Yaw System,304,Yaw brake failure,13.1,Corretiva
124,2025-02-02 19:59:00,2025-02-03 01:59:00,WTG-12,Gearbox (Multiplicador),705,Gear mesh frequency vibration,6.0,Corretiva
125,2025-02-02 21:19:00,2025-02-03 06:55:00,WTG-13,Generator,505,Generator overspeed,9.6,Preventiva
126,2025-02-03 05:24:00,2025-02-03 17:24:00,WTG-25,Converter / Electrical,601,Grid voltage out of limits,12.0,Corretiva
127,2025-02-03 23:08:00,2025-02-04 05:08:00,WTG-25,Yaw System,302,Yaw motor overload,6.0,Corretiva
128,2025-02-04 13:38:00,2025-02-04 20:02:00,WTG-28,Yaw System,305,Yaw inverter fault,6.4,Preventiva
129,2025-02-04 14:38:00,2025-02-05 00:56:00,WTG-23,Yaw System,305,Yaw inverter fault,10.3,Corretiva
130,2025-02-04 16:02:00,2025-02-04 19:26:00,WTG-16,Pitch System,204,Pitch position sensor error,3.4,Corretiva
131,2025-02-04 17:50:00,2025-02-05 02:08:00,WTG-22,Yaw System,302,Yaw motor overload,8.3,Preventiva
132,2025-02-04 23:19:00,2025-02-05 11:01:00,WTG-06,Yaw System,305,Yaw inverter fault,11.7,Corretiva
133,2025-02-05 14:17:00,2025-02-05 19:29:00,WTG-11,Hydraulic System,402,High hydraulic pressure,5.2,Preventiva
134,2025-02-06 02:28:00,2025-02-06 07:58:00,WTG-24,Pitch System,203,Pitch motor overtemperature,5.5,Corretiva
135,2025-02-06 07:33:00,2025-02-06 13:33:00,WTG-17,Converter / Electrical,601,Grid voltage out of limits,6.0,Corretiva
136,2025-02-06 13:19:00,2025-02-06 14:43:00,WTG-18,Converter / Electrical,604,DC link overvoltage,1.4,Corretiva
137,2025-02-06 15:02:00,2025-02-07 03:38:00,WTG-23,Gearbox (Multiplicador),701,Low oil pressure,12.6,Corretiva
138,2025-02-06 16:48:00,2025-02-06 22:42:00,WTG-27,Pitch System,201,Difference between Pitch angles,5.9,Corretiva
139,2025-02-06 16:51:00,2025-02-06 19:51:00,WTG-29,Sensors / Weather,803,Ice detection on blades,3.0,Corretiva
140,2025-02-07 04:49:00,2025-02-07 08:55:00,WTG-05,Pitch System,202,Pitch battery fault,4.1,Corretiva
141,2025-02-07 17:02:00,2025-02-08 01:32:00,WTG-22,Pitch System,203,Pitch motor overtemperature,8.5,Preventiva
142,2025-02-07 21:49:00,2025-02-08 01:25:00,WTG-23,Gearbox (Multiplicador),705,Gear mesh frequency vibration,3.6,Corretiva
143,2025-02-07 22:13:00,2025-02-08 07:43:00,WTG-29,Sensors / Weather,802,Wind vane error,9.5,Preventiva
144,2025-02-08 00:19:00,2025-02-08 09:19:00,WTG-25,Hydraulic System,403,Hydraulic pump motor overload,9.0,Preventiva
145,2025-02-08 00:20:00,2025-02-08 14:02:00,WTG-11,Hydraulic System,401,Low hydraulic pressure,13.7,Corretiva
146,2025-02-08 01:41:00,2025-02-08 18:05:00,WTG-30,Sensors / Weather,803,Ice detection on blades,16.4,Corretiva
147,2025-02-08 10:07:00,2025-02-08 18:01:00,WTG-17,Yaw System,301,Yaw error,7.9,Preventiva
148,2025-02-09 00:32:00,2025-02-09 06:02:00,WTG-04,Hydraulic System,405,Valve switching failure,5.5,Preventiva
149,2025-02-09 04:21:00,2025-02-09 12:33:00,WTG-06,Converter / Electrical,602,IGBT overtemperature,8.2,Corretiva
150,2025-02-09 04:52:00,2025-02-09 19:16:00,WTG-24,Generator,504,Slip ring brush wear limit,14.4,Corretiva
151,2025-02-09 05:09:00,2025-02-10 05:51:00,WTG-19,Converter / Electrical,602,IGBT overtemperature,24.7,Corretiva
152,2025-02-09 11:53:00,2025-02-09 21:23:00,WTG-20,Converter / Electrical,601,Grid voltage out of limits,9.5,Preventiva
153,2025-02-09 17:06:00,2025-02-09 19:36:00,WTG-25,Hydraulic System,402,High hydraulic pressure,2.5,Corretiva
154,2025-02-09 19:35:00,2025-02-10 03:11:00,WTG-11,Converter / Electrical,603,Converter communication failure,7.6,Preventiva
155,2025-02-09 19:35:00,2025-02-10 10:11:00,WTG-12,Pitch System,205,Blade angle asymmetry limit reached,14.6,Corretiva
156,2025-02-09 20:26:00,2025-02-10 05:32:00,WTG-12,Sensors / Weather,804,Ambient temperature out of range,9.1,Preventiva
157,2025-02-09 20:29:00,2025-02-10 02:35:00,WTG-06,Converter / Electrical,605,Grid frequency instability,6.1,Preventiva
158,2025-02-10 00:06:00,2025-02-10 17:42:00,WTG-14,Hydraulic System,403,Hydraulic pump motor overload,17.6,Corretiva
159,2025-02-10 09:03:00,2025-02-10 10:15:00,WTG-23,Gearbox (Multiplicador),701,Low oil pressure,1.2,Corretiva
160,2025-02-10 10:03:00,2025-02-10 14:57:00,WTG-13,Generator,501,High temperature winding,4.9,Preventiva
161,2025-02-10 18:14:00,2025-02-10 19:26:00,WTG-06,Sensors / Weather,804,Ambient temperature out of range,1.2,Corretiva
162,2025-02-10 19:28:00,2025-02-11 00:22:00,WTG-16,Yaw System,304,Yaw brake failure,4.9,Preventiva
163,2025-02-11 01:11:00,2025-02-11 17:11:00,WTG-13,Hydraulic System,404,Hydraulic oil low level,16.0,Corretiva
164,2025-02-11 14:59:00,2025-02-12 00:23:00,WTG-12,Gearbox (Multiplicador),701,Low oil pressure,9.4,Preventiva
165,2025-02-11 17:26:00,2025-02-11 19:02:00,WTG-12,Converter / Electrical,604,DC link overvoltage,1.6,Corretiva
166,2025-02-11 20:22:00,2025-02-12 07:58:00,WTG-16,Pitch System,201,Difference between Pitch angles,11.6,Preventiva
167,2025-02-11 21:18:00,2025-02-12 12:24:00,WTG-15,Gearbox (Multiplicador),703,Bearing vibration high,15.1,Corretiva
168,2025-02-12 01:18:00,2025-02-12 02:36:00,WTG-05,Pitch System,203,Pitch motor overtemperature,1.3,Corretiva
169,2025-02-12 04:31:00,2025-02-12 17:13:00,WTG-19,Converter / Electrical,604,DC link overvoltage,12.7,Corretiva
170,2025-02-12 09:28:00,2025-02-12 23:52:00,WTG-12,Yaw System,303,Cable twist limit exceeded,14.4,Corretiva
171,2025-02-12 12:02:00,2025-02-12 22:44:00,WTG-16,Sensors / Weather,802,Wind vane error,10.7,Preventiva
172,2025-02-12 12:16:00,2025-02-12 15:16:00,WTG-04,Sensors / Weather,801,Anemometer mismatch,3.0,Corretiva
173,2025-02-12 14:32:00,2025-02-12 17:08:00,WTG-23,Generator,505,Generator overspeed,2.6,Corretiva
174,2025-02-12 14:48:00,2025-02-12 19:12:00,WTG-27,Pitch System,202,Pitch battery fault,4.4,Corretiva
175,2025-02-12 18:26:00,2025-02-12 20:20:00,WTG-10,Generator,504,Slip ring brush wear limit,1.9,Corretiva
176,2025-02-13 05:29:00,2025-02-13 07:29:00,WTG-26,Pitch System,204,Pitch position sensor error,2.0,Corretiva
177,2025-02-13 06:26:00,2025-02-13 20:20:00,WTG-29,Pitch System,204,Pitch position sensor error,13.9,Corretiva
178,2025-02-13 16:40:00,2025-02-13 19:52:00,WTG-09,Generator,503,Bearing temperature high,3.2,Corretiva
179,2025-02-14 02:16:00,2025-02-14 10:34:00,WTG-05,Gearbox (Multiplicador),702,High oil temperature,8.3,Preventiva
180,2025-02-14 06:59:00,2025-02-14 08:05:00,WTG-03,Converter / Electrical,602,IGBT overtemperature,1.1,Corretiva
181,2025-02-14 23:23:00,2025-02-15 10:47:00,WTG-29,Sensors / Weather,804,Ambient temperature out of range,11.4,Corretiva
182,2025-02-15 10:37:00,2025-02-15 21:07:00,WTG-09,Yaw System,301,Yaw error,10.5,Preventiva
183,2025-02-15 11:42:00,2025-02-16 22:36:00,WTG-18,Converter / Electrical,604,DC link overvoltage,34.9,Corretiva
184,2025-02-15 12:19:00,2025-02-15 22:01:00,WTG-17,Sensors / Weather,802,Wind vane error,9.7,Preventiva
185,2025-02-15 16:36:00,2025-02-16 03:06:00,WTG-02,Converter / Electrical,602,IGBT overtemperature,10.5,Preventiva
186,2025-02-15 17:49:00,2025-02-17 05:07:00,WTG-09,Hydraulic System,403,Hydraulic pump motor overload,35.3,Corretiva
187,2025-02-15 21:27:00,2025-02-16 01:33:00,WTG-27,Converter / Electrical,601,Grid voltage out of limits,4.1,Corretiva
188,2025-02-15 21:37:00,2025-02-15 23:01:00,WTG-13,Pitch System,202,Pitch battery fault,1.4,Corretiva
189,2025-02-16 07:23:00,2025-02-16 14:53:00,WTG-20,Generator,503,Bearing temperature high,7.5,Preventiva
190,2025-02-16 12:45:00,2025-02-16 18:57:00,WTG-18,Pitch System,204,Pitch position sensor error,6.2,Corretiva
191,2025-02-16 22:02:00,2025-02-17 16:32:00,WTG-06,Pitch System,205,Blade angle asymmetry limit reached,18.5,Corretiva
192,2025-02-17 01:32:00,2025-02-17 08:08:00,WTG-16,Converter / Electrical,603,Converter communication failure,6.6,Preventiva
193,2025-02-17 08:26:00,2025-02-17 12:44:00,WTG-26,Converter / Electrical,603,Converter communication failure,4.3,Corretiva
194,2025-02-17 14:43:00,2025-02-17 18:31:00,WTG-13,Generator,504,Slip ring brush wear limit,3.8,Corretiva
195,2025-02-18 04:16:00,2025-02-18 11:28:00,WTG-19,Yaw System,302,Yaw motor overload,7.2,Corretiva
196,2025-02-18 05:05:00,2025-02-18 08:41:00,WTG-05,Sensors / Weather,801,Anemometer mismatch,3.6,Corretiva
197,2025-02-18 07:52:00,2025-02-18 09:22:00,WTG-19,Yaw System,301,Yaw error,1.5,Corretiva
198,2025-02-18 09:02:00,2025-02-18 19:08:00,WTG-10,Gearbox (Multiplicador),705,Gear mesh frequency vibration,10.1,Corretiva
199,2025-02-18 15:38:00,2025-02-19 03:14:00,WTG-02,Generator,504,Slip ring brush wear limit,11.6,Corretiva
200,2025-02-18 18:00:00,2025-02-18 23:18:00,WTG-21,Hydraulic System,405,Valve switching failure,5.3,Preventiva
201,2025-02-18 19:34:00,2025-02-19 03:34:00,WTG-08,Yaw System,305,Yaw inverter fault,8.0,Preventiva
202,2025-02-18 22:17:00,2025-02-18 23:41:00,WTG-23,Sensors / Weather,802,Wind vane error,1.4,Corretiva
203,2025-02-19 06:37:00,2025-02-19 17:55:00,WTG-24,Sensors / Weather,802,Wind vane error,11.3,Corretiva
204,2025-02-19 06:38:00,2025-02-19 09:20:00,WTG-02,Gearbox (Multiplicador),702,High oil temperature,2.7,Corretiva
205,2025-02-19 07:18:00,2025-02-19 12:24:00,WTG-30,Sensors / Weather,803,Ice detection on blades,5.1,Preventiva
206,2025-02-19 08:47:00,2025-02-19 18:53:00,WTG-17,Pitch System,202,Pitch battery fault,10.1,Corretiva
207,2025-02-19 19:24:00,2025-02-20 01:00:00,WTG-27,Generator,504,Slip ring brush wear limit,5.6,Corretiva
208,2025-02-19 20:52:00,2025-02-20 07:10:00,WTG-29,Hydraulic System,405,Valve switching failure,10.3,Preventiva
209,2025-02-20 02:42:00,2025-02-20 14:12:00,WTG-30,Pitch System,203,Pitch motor overtemperature,11.5,Preventiva
210,2025-02-20 10:06:00,2025-02-20 15:30:00,WTG-12,Converter / Electrical,603,Converter communication failure,5.4,Corretiva
211,2025-02-20 10:54:00,2025-02-20 22:06:00,WTG-09,Gearbox (Multiplicador),704,Oil filter clogged,11.2,Corretiva
212,2025-02-20 13:18:00,2025-02-21 00:24:00,WTG-07,Pitch System,203,Pitch motor overtemperature,11.1,Preventiva
213,2025-02-20 15:45:00,2025-02-20 20:27:00,WTG-17,Hydraulic System,405,Valve switching failure,4.7,Corretiva
214,2025-02-20 18:24:00,2025-02-21 03:24:00,WTG-29,Sensors / Weather,802,Wind vane error,9.0,Preventiva
215,2025-02-21 03:21:00,2025-02-21 16:03:00,WTG-07,Converter / Electrical,601,Grid voltage out of limits,12.7,Corretiva
216,2025-02-21 04:53:00,2025-02-21 07:53:00,WTG-28,Converter / Electrical,604,DC link overvoltage,3.0,Corretiva
217,2025-02-21 05:36:00,2025-02-21 14:30:00,WTG-17,Pitch System,205,Blade angle asymmetry limit reached,8.9,Preventiva
218,2025-02-21 09:33:00,2025-02-21 17:09:00,WTG-20,Generator,502,Generator cooling failure,7.6,Corretiva
219,2025-02-21 18:28:00,2025-02-22 21:40:00,WTG-20,Sensors / Weather,802,Wind vane error,27.2,Corretiva
220,2025-02-22 07:05:00,2025-02-22 12:17:00,WTG-01,Pitch System,202,Pitch battery fault,5.2,Preventiva
221,2025-02-22 08:35:00,2025-02-22 09:11:00,WTG-08,Pitch System,202,Pitch battery fault,0.6,Corretiva
222,2025-02-22 17:55:00,2025-02-23 00:01:00,WTG-10,Generator,505,Generator overspeed,6.1,Corretiva
223,2025-02-22 18:56:00,2025-02-23 09:44:00,WTG-05,Pitch System,205,Blade angle asymmetry limit reached,14.8,Corretiva
224,2025-02-23 08:05:00,2025-02-24 15:23:00,WTG-22,Sensors / Weather,801,Anemometer mismatch,31.3,Corretiva
225,2025-02-23 14:22:00,2025-02-24 06:52:00,WTG-28,Gearbox (Multiplicador),704,Oil filter clogged,16.5,Corretiva
226,2025-02-24 03:24:00,2025-02-24 08:18:00,WTG-04,Converter / Electrical,601,Grid voltage out of limits,4.9,Corretiva
227,2025-02-24 11:00:00,2025-02-25 01:48:00,WTG-13,Gearbox (Multiplicador),704,Oil filter clogged,14.8,Corretiva
228,2025-02-24 19:26:00,2025-02-25 00:14:00,WTG-11,Generator,501,High temperature winding,4.8,Corretiva
229,2025-02-24 23:49:00,2025-02-25 09:01:00,WTG-18,Converter / Electrical,605,Grid frequency instability,9.2,Corretiva
230,2025-02-25 02:17:00,2025-02-25 19:41:00,WTG-02,Sensors / Weather,803,Ice detection on blades,17.4,Corretiva
231,2025-02-25 14:48:00,2025-02-26 17:24:00,WTG-24,Converter / Electrical,603,Converter communication failure,26.6,Corretiva
232,2025-02-25 17:45:00,2025-02-25 18:21:00,WTG-08,Converter / Electrical,605,Grid frequency instability,0.6,Corretiva
233,2025-02-25 23:35:00,2025-02-27 00:41:00,WTG-23,Generator,503,Bearing temperature high,25.1,Corretiva
234,2025-02-26 05:04:00,2025-02-26 14:46:00,WTG-04,Sensors / Weather,804,Ambient temperature out of range,9.7,Corretiva
235,2025-02-26 07:40:00,2025-02-26 16:16:00,WTG-04,Yaw System,304,Yaw brake failure,8.6,Corretiva
236,2025-02-26 10:34:00,2025-02-26 23:04:00,WTG-24,Hydraulic System,401,Low hydraulic pressure,12.5,Corretiva
237,2025-02-26 15:34:00,2025-02-27 06:04:00,WTG-13,Generator,502,Generator cooling failure,14.5,Corretiva
238,2025-02-26 22:22:00,2025-02-27 09:46:00,WTG-23,Yaw System,301,Yaw error,11.4,Preventiva
239,2025-02-27 04:19:00,2025-02-27 13:19:00,WTG-26,Yaw System,302,Yaw motor overload,9.0,Corretiva
240,2025-02-27 09:40:00,2025-02-27 16:58:00,WTG-27,Sensors / Weather,801,Anemometer mismatch,7.3,Preventiva
241,2025-02-27 15:40:00,2025-02-27 19:58:00,WTG-19,Gearbox (Multiplicador),704,Oil filter clogged,4.3,Preventiva
242,2025-02-27 16:41:00,2025-02-28 00:17:00,WTG-21,Generator,501,High temperature winding,7.6,Corretiva
243,2025-02-27 17:35:00,2025-03-01 07:05:00,WTG-01,Yaw System,302,Yaw motor overload,37.5,Corretiva
244,2025-02-27 19:51:00,2025-02-28 12:33:00,WTG-18,Yaw System,301,Yaw error,16.7,Corretiva
245,2025-02-28 09:13:00,2025-02-28 19:25:00,WTG-12,Hydraulic System,401,Low hydraulic pressure,10.2,Corretiva
246,2025-02-28 18:56:00,2025-03-01 06:14:00,WTG-30,Gearbox (Multiplicador),702,High oil temperature,11.3,Corretiva
247,2025-03-01 02:17:00,2025-03-01 13:41:00,WTG-21,Yaw System,304,Yaw brake failure,11.4,Corretiva
248,2025-03-01 02:36:00,2025-03-01 11:48:00,WTG-15,Gearbox (Multiplicador),703,Bearing vibration high,9.2,Preventiva
249,2025-03-01 03:11:00,2025-03-01 11:11:00,WTG-16,Generator,503,Bearing temperature high,8.0,Corretiva
250,2025-03-01 05:04:00,2025-03-01 09:28:00,WTG-11,Hydraulic System,403,Hydraulic pump motor overload,4.4,Corretiva
251,2025-03-01 07:38:00,2025-03-01 16:26:00,WTG-24,Gearbox (Multiplicador),703,Bearing vibration high,8.8,Corretiva
252,2025-03-01 08:48:00,2025-03-01 13:30:00,WTG-19,Generator,502,Generator cooling failure,4.7,Corretiva
253,2025-03-01 09:40:00,2025-03-01 12:46:00,WTG-06,Converter / Electrical,605,Grid frequency instability,3.1,Corretiva
254,2025-03-01 10:02:00,2025-03-01 14:20:00,WTG-03,Sensors / Weather,801,Anemometer mismatch,4.3,Corretiva
255,2025-03-01 12:30:00,2025-03-01 16:42:00,WTG-26,Yaw System,305,Yaw inverter fault,4.2,Corretiva
256,2025-03-01 18:18:00,2025-03-02 06:36:00,WTG-19,Sensors / Weather,804,Ambient temperature out of range,12.3,Corretiva
257,2025-03-01 23:55:00,2025-03-02 07:49:00,WTG-14,Gearbox (Multiplicador),703,Bearing vibration high,7.9,Corretiva
258,2025-03-02 02:21:00,2025-03-02 03:15:00,WTG-17,Hydraulic System,403,Hydraulic pump motor overload,0.9,Corretiva
259,2025-03-02 06:22:00,2025-03-03 03:34:00,WTG-14,Gearbox (Multiplicador),702,High oil temperature,21.2,Corretiva
260,2025-03-02 18:14:00,2025-03-03 00:08:00,WTG-16,Hydraulic System,402,High hydraulic pressure,5.9,Corretiva
261,2025-03-02 21:35:00,2025-03-02 22:53:00,WTG-26,Converter / Electrical,605,Grid frequency instability,1.3,Corretiva
262,2025-03-02 23:40:00,2025-03-03 23:40:00,WTG-27,Hydraulic System,405,Valve switching failure,24.0,Corretiva
263,2025-03-03 01:57:00,2025-03-03 06:21:00,WTG-09,Hydraulic System,402,High hydraulic pressure,4.4,Preventiva
264,2025-03-03 08:12:00,2025-03-03 15:12:00,WTG-10,Generator,503,Bearing temperature high,7.0,Preventiva
265,2025-03-03 14:04:00,2025-03-04 19:22:00,WTG-11,Yaw System,303,Cable twist limit exceeded,29.3,Corretiva
266,2025-03-03 14:13:00,2025-03-04 09:07:00,WTG-10,Yaw System,303,Cable twist limit exceeded,18.9,Corretiva
267,2025-03-04 03:24:00,2025-03-04 21:30:00,WTG-10,Sensors / Weather,801,Anemometer mismatch,18.1,Corretiva
268,2025-03-04 04:16:00,2025-03-04 07:16:00,WTG-01,Converter / Electrical,603,Converter communication failure,3.0,Corretiva
269,2025-03-04 08:40:00,2025-03-04 17:04:00,WTG-20,Pitch System,201,Difference between Pitch angles,8.4,Corretiva
270,2025-03-06 14:53:00,2025-03-07 08:05:00,WTG-07,Yaw System,302,Yaw motor overload,17.2,Corretiva
271,2025-03-06 15:54:00,2025-03-07 03:00:00,WTG-01,Yaw System,305,Yaw inverter fault,11.1,Preventiva
272,2025-03-06 22:22:00,2025-03-08 00:10:00,WTG-08,Generator,502,Generator cooling failure,25.8,Corretiva
273,2025-03-07 00:28:00,2025-03-07 01:58:00,WTG-30,Pitch System,205,Blade angle asymmetry limit reached,1.5,Corretiva
274,2025-03-07 16:33:00,2025-03-08 14:03:00,WTG-27,Pitch System,205,Blade angle asymmetry limit reached,21.5,Corretiva
275,2025-03-07 17:36:00,2025-03-07 23:18:00,WTG-02,Pitch System,202,Pitch battery fault,5.7,Corretiva
276,2025-03-07 21:23:00,2025-03-09 03:59:00,WTG-09,Generator,504,Slip ring brush wear limit,30.6,Corretiva
277,2025-03-08 07:02:00,2025-03-08 11:32:00,WTG-26,Gearbox (Multiplicador),702,High oil temperature,4.5,Corretiva
278,2025-03-08 10:31:00,2025-03-08 14:55:00,WTG-04,Hydraulic System,405,Valve switching failure,4.4,Corretiva
279,2025-03-08 14:45:00,2025-03-08 21:57:00,WTG-04,Converter / Electrical,601,Grid voltage out of limits,7.2,Corretiva
280,2025-03-09 00:35:00,2025-03-09 11:05:00,WTG-08,Converter / Electrical,603,Converter communication failure,10.5,Corretiva
281,2025-03-09 03:17:00,2025-03-09 07:59:00,WTG-09,Pitch System,201,Difference between Pitch angles,4.7,Corretiva
282,2025-03-09 07:54:00,2025-03-09 15:06:00,WTG-11,Converter / Electrical,603,Converter communication failure,7.2,Corretiva
283,2025-03-10 13:01:00,2025-03-11 03:55:00,WTG-11,Hydraulic System,403,Hydraulic pump motor overload,14.9,Corretiva
284,2025-03-10 13:06:00,2025-03-11 07:12:00,WTG-09,Yaw System,304,Yaw brake failure,18.1,Corretiva
285,2025-03-10 13:53:00,2025-03-10 18:17:00,WTG-20,Gearbox (Multiplicador),705,Gear mesh frequency vibration,4.4,Corretiva
286,2025-03-11 00:30:00,2025-03-11 07:36:00,WTG-07,Yaw System,304,Yaw brake failure,7.1,Preventiva
287,2025-03-11 04:17:00,2025-03-11 11:41:00,WTG-10,Gearbox (Multiplicador),704,Oil filter clogged,7.4,Corretiva
288,2025-03-11 12:19:00,2025-03-11 19:19:00,WTG-03,Generator,504,Slip ring brush wear limit,7.0,Corretiva
289,2025-03-11 15:19:00,2025-03-11 22:31:00,WTG-05,Pitch System,204,Pitch position sensor error,7.2,Corretiva
290,2025-03-12 04:34:00,2025-03-12 06:22:00,WTG-03,Pitch System,203,Pitch motor overtemperature,1.8,Corretiva
291,2025-03-12 05:17:00,2025-03-12 09:47:00,WTG-11,Converter / Electrical,603,Converter communication failure,4.5,Preventiva
292,2025-03-12 07:03:00,2025-03-12 23:27:00,WTG-27,Yaw System,302,Yaw motor overload,16.4,Corretiva
293,2025-03-12 08:14:00,2025-03-13 01:14:00,WTG-07,Sensors / Weather,801,Anemometer mismatch,17.0,Corretiva
294,2025-03-12 10:11:00,2025-03-12 20:05:00,WTG-27,Converter / Electrical,604,DC link overvoltage,9.9,Preventiva
295,2025-03-12 14:13:00,2025-03-13 00:01:00,WTG-10,Converter / Electrical,602,IGBT overtemperature,9.8,Preventiva
296,2025-03-12 15:08:00,2025-03-13 00:56:00,WTG-14,Yaw System,304,Yaw brake failure,9.8,Corretiva
297,2025-03-12 20:07:00,2025-03-13 01:01:00,WTG-24,Sensors / Weather,804,Ambient temperature out of range,4.9,Corretiva
298,2025-03-13 04:44:00,2025-03-13 10:50:00,WTG-07,Sensors / Weather,801,Anemometer mismatch,6.1,Preventiva
299,2025-03-13 15:45:00,2025-03-14 01:33:00,WTG-09,Converter / Electrical,601,Grid voltage out of limits,9.8,Preventiva
300,2025-03-13 19:51:00,2025-03-13 20:39:00,WTG-03,Sensors / Weather,804,Ambient temperature out of range,0.8,Corretiva
301,2025-03-13 21:10:00,2025-03-14 08:22:00,WTG-02,Generator,503,Bearing temperature high,11.2,Corretiva
302,2025-03-13 21:23:00,2025-03-14 00:47:00,WTG-23,Gearbox (Multiplicador),702,High oil temperature,3.4,Corretiva
303,2025-03-13 21:38:00,2025-03-13 23:20:00,WTG-16,Converter / Electrical,604,DC link overvoltage,1.7,Corretiva
304,2025-03-14 10:00:00,2025-03-14 16:30:00,WTG-26,Pitch System,204,Pitch position sensor error,6.5,Preventiva
305,2025-03-14 22:48:00,2025-03-15 00:00:00,WTG-23,Hydraulic System,402,High hydraulic pressure,1.2,Corretiva
306,2025-03-15 03:22:00,2025-03-15 11:22:00,WTG-26,Pitch System,201,Difference between Pitch angles,8.0,Corretiva
307,2025-03-15 04:32:00,2025-03-15 21:02:00,WTG-24,Sensors / Weather,803,Ice detection on blades,16.5,Corretiva
308,2025-03-15 08:00:00,2025-03-16 01:06:00,WTG-27,Gearbox (Multiplicador),705,Gear mesh frequency vibration,17.1,Corretiva
309,2025-03-15 08:51:00,2025-03-15 21:21:00,WTG-04,Generator,502,Generator cooling failure,12.5,Corretiva
310,2025-03-15 20:24:00,2025-03-15 21:54:00,WTG-02,Gearbox (Multiplicador),704,Oil filter clogged,1.5,Corretiva
311,2025-03-15 20:51:00,2025-03-16 01:51:00,WTG-21,Generator,505,Generator overspeed,5.0,Preventiva
312,2025-03-15 23:47:00,2025-03-16 19:41:00,WTG-09,Gearbox (Multiplicador),701,Low oil pressure,19.9,Corretiva
313,2025-03-15 23:53:00,2025-03-16 03:23:00,WTG-29,Converter / Electrical,601,Grid voltage out of limits,3.5,Corretiva
314,2025-03-16 15:42:00,2025-03-16 22:42:00,WTG-14,Generator,501,High temperature winding,7.0,Corretiva
315,2025-03-17 05:17:00,2025-03-17 07:29:00,WTG-26,Generator,501,High temperature winding,2.2,Corretiva
316,2025-03-17 10:31:00,2025-03-17 13:13:00,WTG-22,Yaw System,302,Yaw motor overload,2.7,Corretiva
317,2025-03-17 13:18:00,2025-03-17 16:54:00,WTG-09,Converter / Electrical,605,Grid frequency instability,3.6,Corretiva
318,2025-03-17 13:29:00,2025-03-17 23:47:00,WTG-28,Sensors / Weather,803,Ice detection on blades,10.3,Corretiva
319,2025-03-18 08:15:00,2025-03-18 15:57:00,WTG-08,Converter / Electrical,605,Grid frequency instability,7.7,Preventiva
320,2025-03-18 09:53:00,2025-03-18 14:41:00,WTG-10,Yaw System,303,Cable twist limit exceeded,4.8,Corretiva
321,2025-03-18 13:41:00,2025-03-19 15:47:00,WTG-01,Hydraulic System,405,Valve switching failure,26.1,Corretiva
322,2025-03-19 03:01:00,2025-03-19 19:07:00,WTG-09,Hydraulic System,405,Valve switching failure,16.1,Corretiva
323,2025-03-19 20:16:00,2025-03-20 01:34:00,WTG-16,Pitch System,202,Pitch battery fault,5.3,Preventiva
324,2025-03-20 11:00:00,2025-03-21 02:18:00,WTG-05,Converter / Electrical,605,Grid frequency instability,15.3,Corretiva
325,2025-03-20 13:48:00,2025-03-21 01:48:00,WTG-19,Converter / Electrical,605,Grid frequency instability,12.0,Corretiva
326,2025-03-21 00:40:00,2025-03-21 05:22:00,WTG-29,Sensors / Weather,801,Anemometer mismatch,4.7,Corretiva
327,2025-03-21 01:24:00,2025-03-21 07:36:00,WTG-02,Yaw System,305,Yaw inverter fault,6.2,Preventiva
328,2025-03-21 09:53:00,2025-03-21 19:53:00,WTG-16,Pitch System,201,Difference between Pitch angles,10.0,Preventiva
329,2025-03-21 11:22:00,2025-03-22 00:58:00,WTG-07,Sensors / Weather,801,Anemometer mismatch,13.6,Corretiva
330,2025-03-21 13:30:00,2025-03-21 18:00:00,WTG-16,Gearbox (Multiplicador),704,Oil filter clogged,4.5,Corretiva
331,2025-03-21 16:37:00,2025-03-21 18:43:00,WTG-12,Converter / Electrical,604,DC link overvoltage,2.1,Corretiva
332,2025-03-21 20:15:00,2025-03-22 01:09:00,WTG-10,Gearbox (Multiplicador),702,High oil temperature,4.9,Preventiva
333,2025-03-22 05:41:00,2025-03-22 06:29:00,WTG-27,Hydraulic System,405,Valve switching failure,0.8,Corretiva
334,2025-03-22 05:50:00,2025-03-22 12:26:00,WTG-21,Hydraulic System,404,Hydraulic oil low level,6.6,Corretiva
335,2025-03-22 06:14:00,2025-03-22 18:08:00,WTG-04,Gearbox (Multiplicador),703,Bearing vibration high,11.9,Corretiva
336,2025-03-22 06:41:00,2025-03-22 12:53:00,WTG-06,Converter / Electrical,602,IGBT overtemperature,6.2,Preventiva
337,2025-03-22 18:55:00,2025-03-23 02:07:00,WTG-30,Sensors / Weather,804,Ambient temperature out of range,7.2,Corretiva
338,2025-03-22 19:45:00,2025-03-22 21:15:00,WTG-29,Hydraulic System,403,Hydraulic pump motor overload,1.5,Corretiva
339,2025-03-22 23:55:00,2025-03-23 04:25:00,WTG-06,Sensors / Weather,801,Anemometer mismatch,4.5,Corretiva
340,2025-03-23 02:26:00,2025-03-23 12:50:00,WTG-23,Converter / Electrical,601,Grid voltage out of limits,10.4,Preventiva
341,2025-03-23 03:50:00,2025-03-23 18:08:00,WTG-23,Converter / Electrical,605,Grid frequency instability,14.3,Corretiva
342,2025-03-23 03:55:00,2025-03-23 09:01:00,WTG-10,Pitch System,205,Blade angle asymmetry limit reached,5.1,Preventiva
343,2025-03-23 07:12:00,2025-03-24 08:30:00,WTG-16,Generator,503,Bearing temperature high,25.3,Corretiva
344,2025-03-23 11:02:00,2025-03-23 15:02:00,WTG-20,Generator,504,Slip ring brush wear limit,4.0,Corretiva
345,2025-03-23 14:19:00,2025-03-23 18:43:00,WTG-07,Yaw System,301,Yaw error,4.4,Corretiva
346,2025-03-23 17:00:00,2025-03-23 22:30:00,WTG-21,Converter / Electrical,604,DC link overvoltage,5.5,Corretiva
347,2025-03-23 18:01:00,2025-03-24 03:07:00,WTG-30,Sensors / Weather,802,Wind vane error,9.1,Preventiva
348,2025-03-23 19:29:00,2025-03-23 23:29:00,WTG-30,Converter / Electrical,605,Grid frequency instability,4.0,Corretiva
349,2025-03-23 20:22:00,2025-03-23 23:22:00,WTG-11,Gearbox (Multiplicador),704,Oil filter clogged,3.0,Corretiva
350,2025-03-23 20:42:00,2025-03-24 04:30:00,WTG-17,Generator,502,Generator cooling failure,7.8,Corretiva
351,2025-03-23 21:59:00,2025-03-24 07:11:00,WTG-14,Pitch System,201,Difference between Pitch angles,9.2,Preventiva
352,2025-03-24 08:55:00,2025-03-24 14:55:00,WTG-04,Sensors / Weather,803,Ice detection on blades,6.0,Corretiva
353,2025-03-25 00:52:00,2025-03-25 17:58:00,WTG-18,Generator,504,Slip ring brush wear limit,17.1,Corretiva
354,2025-03-25 02:44:00,2025-03-26 00:14:00,WTG-24,Gearbox (Multiplicador),703,Bearing vibration high,21.5,Corretiva
355,2025-03-25 09:39:00,2025-03-26 00:15:00,WTG-08,Hydraulic System,405,Valve switching failure,14.6,Corretiva
356,2025-03-25 17:37:00,2025-03-26 00:25:00,WTG-11,Pitch System,204,Pitch position sensor error,6.8,Corretiva
357,2025-03-25 18:05:00,2025-03-26 05:35:00,WTG-17,Converter / Electrical,604,DC link overvoltage,11.5,Corretiva
358,2025-03-26 15:08:00,2025-03-26 23:26:00,WTG-10,Yaw System,301,Yaw error,8.3,Corretiva
359,2025-03-27 01:52:00,2025-03-27 08:28:00,WTG-21,Converter / Electrical,602,IGBT overtemperature,6.6,Corretiva
360,2025-03-27 08:21:00,2025-03-27 09:03:00,WTG-25,Converter / Electrical,602,IGBT overtemperature,0.7,Corretiva
361,2025-03-27 12:28:00,2025-03-27 16:04:00,WTG-04,Gearbox (Multiplicador),704,Oil filter clogged,3.6,Corretiva
362,2025-03-27 15:40:00,2025-03-28 00:40:00,WTG-21,Converter / Electrical,602,IGBT overtemperature,9.0,Corretiva
363,2025-03-28 18:57:00,2025-03-28 23:45:00,WTG-03,Converter / Electrical,601,Grid voltage out of limits,4.8,Corretiva
364,2025-03-28 19:03:00,2025-03-29 01:33:00,WTG-27,Generator,503,Bearing temperature high,6.5,Corretiva
365,2025-03-29 11:46:00,2025-03-30 06:22:00,WTG-07,Yaw System,301,Yaw error,18.6,Corretiva
366,2025-03-29 15:15:00,2025-03-29 18:33:00,WTG-18,Sensors / Weather,804,Ambient temperature out of range,3.3,Corretiva
367,2025-03-29 21:13:00,2025-03-30 01:55:00,WTG-13,Sensors / Weather,801,Anemometer mismatch,4.7,Corretiva
368,2025-03-29 22:42:00,2025-03-30 02:24:00,WTG-21,Gearbox (Multiplicador),701,Low oil pressure,3.7,Corretiva
369,2025-03-30 05:19:00,2025-03-30 10:31:00,WTG-08,Converter / Electrical,601,Grid voltage out of limits,5.2,Corretiva
370,2025-03-30 18:37:00,2025-03-30 19:31:00,WTG-23,Generator,503,Bearing temperature high,0.9,Corretiva
371,2025-03-30 20:34:00,2025-03-30 22:40:00,WTG-05,Yaw System,305,Yaw inverter fault,2.1,Corretiva
372,2025-03-31 03:45:00,2025-03-31 17:51:00,WTG-19,Sensors / Weather,803,Ice detection on blades,14.1,Corretiva
373,2025-03-31 06:50:00,2025-03-31 17:14:00,WTG-02,Gearbox (Multiplicador),702,High oil temperature,10.4,Preventiva
374,2025-03-31 09:55:00,2025-03-31 13:37:00,WTG-07,Generator,505,Generator overspeed,3.7,Corretiva
375,2025-03-31 11:48:00,2025-04-01 20:12:00,WTG-06,Sensors / Weather,803,Ice detection on blades,32.4,Corretiva
376,2025-03-31 16:36:00,2025-03-31 23:18:00,WTG-27,Gearbox (Multiplicador),701,Low oil pressure,6.7,Corretiva
377,2025-03-31 19:00:00,2025-03-31 23:36:00,WTG-04,Hydraulic System,401,Low hydraulic pressure,4.6,Corretiva
378,2025-04-01 01:05:00,2025-04-01 12:53:00,WTG-21,Generator,503,Bearing temperature high,11.8,Preventiva
379,2025-04-01 03:02:00,2025-04-01 13:26:00,WTG-27,Hydraulic System,405,Valve switching failure,10.4,Corretiva
380,2025-04-01 13:33:00,2025-04-02 03:33:00,WTG-25,Yaw System,301,Yaw error,14.0,Corretiva
381,2025-04-01 19:43:00,2025-04-01 20:43:00,WTG-03,Sensors / Weather,803,Ice detection on blades,1.0,Corretiva
382,2025-04-01 19:51:00,2025-04-02 03:33:00,WTG-10,Pitch System,201,Difference between Pitch angles,7.7,Preventiva
383,2025-04-02 03:02:00,2025-04-02 17:08:00,WTG-06,Converter / Electrical,602,IGBT overtemperature,14.1,Corretiva
384,2025-04-02 07:59:00,2025-04-02 13:59:00,WTG-08,Gearbox (Multiplicador),705,Gear mesh frequency vibration,6.0,Corretiva
385,2025-04-02 12:50:00,2025-04-03 05:56:00,WTG-17,Pitch System,204,Pitch position sensor error,17.1,Corretiva
386,2025-04-02 20:53:00,2025-04-03 01:17:00,WTG-09,Hydraulic System,403,Hydraulic pump motor overload,4.4,Corretiva
387,2025-04-03 00:25:00,2025-04-03 04:31:00,WTG-19,Hydraulic System,401,Low hydraulic pressure,4.1,Corretiva
388,2025-04-03 02:16:00,2025-04-03 07:52:00,WTG-14,Pitch System,202,Pitch battery fault,5.6,Corretiva
389,2025-04-03 10:26:00,2025-04-03 13:32:00,WTG-05,Gearbox (Multiplicador),705,Gear mesh frequency vibration,3.1,Corretiva
390,2025-04-03 18:37:00,2025-04-05 03:49:00,WTG-27,Pitch System,205,Blade angle asymmetry limit reached,33.2,Corretiva
391,2025-04-04 10:45:00,2025-04-04 13:03:00,WTG-14,Yaw System,302,Yaw motor overload,2.3,Corretiva
392,2025-04-04 14:26:00,2025-04-04 19:02:00,WTG-27,Sensors / Weather,803,Ice detection on blades,4.6,Preventiva
393,2025-04-04 20:45:00,2025-04-05 01:21:00,WTG-17,Gearbox (Multiplicador),702,High oil temperature,4.6,Corretiva
394,2025-04-05 11:09:00,2025-04-06 03:03:00,WTG-04,Generator,503,Bearing temperature high,15.9,Corretiva
395,2025-04-05 14:05:00,2025-04-06 03:23:00,WTG-16,Yaw System,305,Yaw inverter fault,13.3,Corretiva
396,2025-04-05 16:42:00,2025-04-05 21:42:00,WTG-15,Sensors / Weather,801,Anemometer mismatch,5.0,Preventiva
397,2025-04-05 21:10:00,2025-04-06 07:22:00,WTG-14,Yaw System,305,Yaw inverter fault,10.2,Corretiva
398,2025-04-06 03:46:00,2025-04-06 11:04:00,WTG-04,Pitch System,203,Pitch motor overtemperature,7.3,Corretiva
399,2025-04-06 21:00:00,2025-04-07 02:18:00,WTG-03,Generator,503,Bearing temperature high,5.3,Corretiva
400,2025-04-07 00:38:00,2025-04-07 06:08:00,WTG-14,Gearbox (Multiplicador),705,Gear mesh frequency vibration,5.5,Preventiva
401,2025-04-07 09:09:00,2025-04-07 13:03:00,WTG-08,Converter / Electrical,605,Grid frequency instability,3.9,Corretiva
402,2025-04-07 19:57:00,2025-04-09 13:09:00,WTG-29,Pitch System,201,Difference between Pitch angles,41.2,Corretiva
403,2025-04-08 03:39:00,2025-04-08 04:33:00,WTG-13,Converter / Electrical,602,IGBT overtemperature,0.9,Corretiva
404,2025-04-08 03:43:00,2025-04-08 09:43:00,WTG-13,Yaw System,301,Yaw error,6.0,Preventiva
405,2025-04-08 07:17:00,2025-04-08 15:17:00,WTG-08,Yaw System,305,Yaw inverter fault,8.0,Preventiva
406,2025-04-08 13:43:00,2025-04-09 00:31:00,WTG-21,Gearbox (Multiplicador),704,Oil filter clogged,10.8,Corretiva
407,2025-04-09 05:23:00,2025-04-09 09:29:00,WTG-18,Yaw System,305,Yaw inverter fault,4.1,Corretiva
408,2025-04-09 12:11:00,2025-04-10 03:47:00,WTG-28,Yaw System,303,Cable twist limit exceeded,15.6,Corretiva
409,2025-04-09 13:54:00,2025-04-09 18:30:00,WTG-07,Converter / Electrical,604,DC link overvoltage,4.6,Corretiva
410,2025-04-09 19:31:00,2025-04-09 20:55:00,WTG-21,Generator,505,Generator overspeed,1.4,Corretiva
411,2025-04-10 05:50:00,2025-04-10 11:26:00,WTG-08,Gearbox (Multiplicador),703,Bearing vibration high,5.6,Corretiva
412,2025-04-10 08:56:00,2025-04-10 21:32:00,WTG-07,Hydraulic System,405,Valve switching failure,12.6,Corretiva
413,2025-04-10 12:10:00,2025-04-10 18:34:00,WTG-30,Yaw System,305,Yaw inverter fault,6.4,Preventiva
414,2025-04-10 20:14:00,2025-04-11 06:20:00,WTG-26,Sensors / Weather,804,Ambient temperature out of range,10.1,Preventiva
415,2025-04-10 20:52:00,2025-04-11 00:58:00,WTG-17,Hydraulic System,405,Valve switching failure,4.1,Preventiva
416,2025-04-11 08:07:00,2025-04-11 14:13:00,WTG-30,Yaw System,301,Yaw error,6.1,Preventiva
417,2025-04-11 18:35:00,2025-04-12 00:23:00,WTG-02,Hydraulic System,402,High hydraulic pressure,5.8,Corretiva
418,2025-04-11 21:18:00,2025-04-12 03:54:00,WTG-23,Converter / Electrical,601,Grid voltage out of limits,6.6,Preventiva
419,2025-04-11 21:48:00,2025-04-12 09:06:00,WTG-06,Pitch System,201,Difference between Pitch angles,11.3,Corretiva
420,2025-04-12 05:36:00,2025-04-12 08:06:00,WTG-25,Converter / Electrical,602,IGBT overtemperature,2.5,Corretiva
421,2025-04-12 11:59:00,2025-04-12 17:11:00,WTG-13,Pitch System,204,Pitch position sensor error,5.2,Corretiva
422,2025-04-12 13:50:00,2025-04-13 01:50:00,WTG-25,Gearbox (Multiplicador),702,High oil temperature,12.0,Corretiva
423,2025-04-12 13:59:00,2025-04-13 00:53:00,WTG-20,Hydraulic System,402,High hydraulic pressure,10.9,Corretiva
424,2025-04-13 13:03:00,2025-04-13 17:39:00,WTG-29,Generator,501,High temperature winding,4.6,Corretiva
425,2025-04-13 16:44:00,2025-04-13 21:32:00,WTG-27,Converter / Electrical,604,DC link overvoltage,4.8,Preventiva
426,2025-04-13 17:17:00,2025-04-13 21:35:00,WTG-14,Generator,502,Generator cooling failure,4.3,Corretiva
427,2025-04-13 18:13:00,2025-04-13 20:37:00,WTG-16,Converter / Electrical,602,IGBT overtemperature,2.4,Corretiva
428,2025-04-13 22:21:00,2025-04-14 05:51:00,WTG-21,Converter / Electrical,602,IGBT overtemperature,7.5,Corretiva
429,2025-04-14 00:41:00,2025-04-14 05:11:00,WTG-29,Pitch System,201,Difference between Pitch angles,4.5,Preventiva
430,2025-04-14 19:58:00,2025-04-15 06:52:00,WTG-05,Converter / Electrical,601,Grid voltage out of limits,10.9,Corretiva
431,2025-04-14 22:30:00,2025-04-15 04:18:00,WTG-09,Hydraulic System,404,Hydraulic oil low level,5.8,Preventiva
432,2025-04-15 01:09:00,2025-04-15 22:57:00,WTG-12,Converter / Electrical,603,Converter communication failure,21.8,Corretiva
433,2025-04-15 05:17:00,2025-04-15 14:23:00,WTG-05,Gearbox (Multiplicador),701,Low oil pressure,9.1,Corretiva
434,2025-04-15 10:42:00,2025-04-16 03:30:00,WTG-30,Gearbox (Multiplicador),701,Low oil pressure,16.8,Corretiva
435,2025-04-15 15:43:00,2025-04-16 02:43:00,WTG-10,Generator,501,High temperature winding,11.0,Preventiva
436,2025-04-15 21:10:00,2025-04-16 04:28:00,WTG-04,Gearbox (Multiplicador),704,Oil filter clogged,7.3,Preventiva
437,2025-04-16 00:47:00,2025-04-16 06:47:00,WTG-23,Converter / Electrical,605,Grid frequency instability,6.0,Corretiva
438,2025-04-16 08:27:00,2025-04-16 11:15:00,WTG-08,Gearbox (Multiplicador),702,High oil temperature,2.8,Corretiva
439,2025-04-16 13:08:00,2025-04-16 18:02:00,WTG-06,Yaw System,301,Yaw error,4.9,Corretiva
440,2025-04-16 14:01:00,2025-04-16 22:55:00,WTG-13,Sensors / Weather,804,Ambient temperature out of range,8.9,Preventiva
441,2025-04-17 21:59:00,2025-04-18 08:41:00,WTG-16,Converter / Electrical,604,DC link overvoltage,10.7,Corretiva
442,2025-04-18 02:08:00,2025-04-18 15:02:00,WTG-24,Yaw System,304,Yaw brake failure,12.9,Corretiva
443,2025-04-18 03:07:00,2025-04-18 09:01:00,WTG-14,Converter / Electrical,603,Converter communication failure,5.9,Preventiva
444,2025-04-18 05:00:00,2025-04-18 10:48:00,WTG-11,Hydraulic System,401,Low hydraulic pressure,5.8,Preventiva
445,2025-04-18 07:43:00,2025-04-18 08:31:00,WTG-26,Yaw System,303,Cable twist limit exceeded,0.8,Corretiva
446,2025-04-18 11:02:00,2025-04-18 22:44:00,WTG-17,Hydraulic System,401,Low hydraulic pressure,11.7,Preventiva
447,2025-04-18 14:52:00,2025-04-18 23:04:00,WTG-30,Gearbox (Multiplicador),702,High oil temperature,8.2,Preventiva
448,2025-04-18 20:54:00,2025-04-19 02:48:00,WTG-01,Gearbox (Multiplicador),703,Bearing vibration high,5.9,Preventiva
449,2025-04-19 08:31:00,2025-04-19 12:13:00,WTG-19,Hydraulic System,404,Hydraulic oil low level,3.7,Corretiva
450,2025-04-19 15:50:00,2025-04-19 16:44:00,WTG-14,Pitch System,205,Blade angle asymmetry limit reached,0.9,Corretiva
451,2025-04-20 02:23:00,2025-04-20 13:23:00,WTG-29,Yaw System,304,Yaw brake failure,11.0,Corretiva
452,2025-04-20 03:25:00,2025-04-20 08:07:00,WTG-03,Generator,505,Generator overspeed,4.7,Corretiva
453,2025-04-20 07:03:00,2025-04-20 10:21:00,WTG-16,Pitch System,203,Pitch motor overtemperature,3.3,Corretiva
454,2025-04-20 07:48:00,2025-04-20 22:30:00,WTG-05,Converter / Electrical,601,Grid voltage out of limits,14.7,Corretiva
455,2025-04-20 08:59:00,2025-04-20 12:05:00,WTG-11,Gearbox (Multiplicador),702,High oil temperature,3.1,Corretiva
456,2025-04-20 18:53:00,2025-04-21 14:41:00,WTG-05,Converter / Electrical,602,IGBT overtemperature,19.8,Corretiva
457,2025-04-20 23:33:00,2025-04-21 07:27:00,WTG-29,Generator,504,Slip ring brush wear limit,7.9,Preventiva
458,2025-04-21 02:40:00,2025-04-22 00:46:00,WTG-17,Converter / Electrical,601,Grid voltage out of limits,22.1,Corretiva
459,2025-04-21 05:28:00,2025-04-21 12:16:00,WTG-22,Hydraulic System,402,High hydraulic pressure,6.8,Preventiva
460,2025-04-21 10:03:00,2025-04-22 19:21:00,WTG-19,Converter / Electrical,603,Converter communication failure,33.3,Corretiva
461,2025-04-21 11:18:00,2025-04-21 15:06:00,WTG-23,Pitch System,204,Pitch position sensor error,3.8,Corretiva
462,2025-04-21 13:01:00,2025-04-21 22:31:00,WTG-18,Generator,502,Generator cooling failure,9.5,Corretiva
463,2025-04-21 16:16:00,2025-04-22 03:16:00,WTG-29,Pitch System,202,Pitch battery fault,11.0,Preventiva
464,2025-04-21 19:31:00,2025-04-22 02:49:00,WTG-01,Sensors / Weather,804,Ambient temperature out of range,7.3,Corretiva
465,2025-04-22 11:59:00,2025-04-22 12:47:00,WTG-12,Gearbox (Multiplicador),704,Oil filter clogged,0.8,Corretiva
466,2025-04-22 13:46:00,2025-04-23 01:28:00,WTG-19,Gearbox (Multiplicador),701,Low oil pressure,11.7,Corretiva
467,2025-04-22 19:51:00,2025-04-23 05:03:00,WTG-22,Hydraulic System,401,Low hydraulic pressure,9.2,Preventiva
468,2025-04-23 05:27:00,2025-04-23 17:21:00,WTG-26,Generator,505,Generator overspeed,11.9,Corretiva
469,2025-04-23 07:23:00,2025-04-23 11:29:00,WTG-10,Converter / Electrical,601,Grid voltage out of limits,4.1,Corretiva
470,2025-04-23 10:02:00,2025-04-24 06:50:00,WTG-07,Yaw System,303,Cable twist limit exceeded,20.8,Corretiva
471,2025-04-23 16:38:00,2025-04-23 21:26:00,WTG-19,Yaw System,302,Yaw motor overload,4.8,Corretiva
472,2025-04-23 21:31:00,2025-04-24 02:31:00,WTG-16,Generator,502,Generator cooling failure,5.0,Corretiva
473,2025-04-23 23:51:00,2025-04-24 02:21:00,WTG-04,Gearbox (Multiplicador),704,Oil filter clogged,2.5,Corretiva
474,2025-04-24 13:09:00,2025-04-24 23:03:00,WTG-20,Hydraulic System,404,Hydraulic oil low level,9.9,Preventiva
475,2025-04-24 15:02:00,2025-04-25 09:38:00,WTG-05,Sensors / Weather,803,Ice detection on blades,18.6,Corretiva
476,2025-04-24 21:15:00,2025-04-25 03:21:00,WTG-07,Yaw System,304,Yaw brake failure,6.1,Preventiva
477,2025-04-24 22:09:00,2025-04-25 01:33:00,WTG-24,Gearbox (Multiplicador),702,High oil temperature,3.4,Corretiva
478,2025-04-24 22:27:00,2025-04-25 04:27:00,WTG-18,Hydraulic System,401,Low hydraulic pressure,6.0,Preventiva
479,2025-04-24 22:51:00,2025-04-25 01:33:00,WTG-23,Gearbox (Multiplicador),705,Gear mesh frequency vibration,2.7,Corretiva
480,2025-04-25 13:25:00,2025-04-25 15:55:00,WTG-19,Pitch System,201,Difference between Pitch angles,2.5,Corretiva
481,2025-04-26 02:17:00,2025-04-26 07:05:00,WTG-25,Generator,502,Generator cooling failure,4.8,Preventiva
482,2025-04-26 03:06:00,2025-04-26 07:06:00,WTG-16,Sensors / Weather,803,Ice detection on blades,4.0,Preventiva
483,2025-04-26 10:40:00,2025-04-26 16:52:00,WTG-02,Hydraulic System,403,Hydraulic pump motor overload,6.2,Corretiva
484,2025-04-26 16:15:00,2025-04-27 14:39:00,WTG-20,Pitch System,201,Difference between Pitch angles,22.4,Corretiva
485,2025-04-26 21:32:00,2025-04-26 22:32:00,WTG-05,Hydraulic System,405,Valve switching failure,1.0,Corretiva
486,2025-04-27 03:07:00,2025-04-27 07:43:00,WTG-19,Converter / Electrical,602,IGBT overtemperature,4.6,Preventiva
487,2025-04-27 03:54:00,2025-04-27 15:42:00,WTG-11,Sensors / Weather,803,Ice detection on blades,11.8,Corretiva
488,2025-04-27 09:50:00,2025-04-28 02:44:00,WTG-26,Converter / Electrical,601,Grid voltage out of limits,16.9,Corretiva
489,2025-04-27 10:16:00,2025-04-28 04:52:00,WTG-19,Yaw System,303,Cable twist limit exceeded,18.6,Corretiva
490,2025-04-28 05:21:00,2025-04-28 17:27:00,WTG-16,Generator,502,Generator cooling failure,12.1,Corretiva
491,2025-04-28 05:32:00,2025-04-28 15:02:00,WTG-04,Generator,504,Slip ring brush wear limit,9.5,Corretiva
492,2025-04-28 08:38:00,2025-04-28 14:44:00,WTG-23,Converter / Electrical,603,Converter communication failure,6.1,Corretiva
493,2025-04-28 09:36:00,2025-04-28 16:00:00,WTG-29,Sensors / Weather,804,Ambient temperature out of range,6.4,Preventiva
494,2025-04-29 16:32:00,2025-04-30 07:56:00,WTG-03,Gearbox (Multiplicador),703,Bearing vibration high,15.4,Corretiva
495,2025-04-29 17:12:00,2025-04-30 06:24:00,WTG-26,Converter / Electrical,604,DC link overvoltage,13.2,Corretiva
496,2025-04-30 04:34:00,2025-04-30 08:10:00,WTG-04,Hydraulic System,402,High hydraulic pressure,3.6,Corretiva
497,2025-05-01 04:03:00,2025-05-01 10:39:00,WTG-08,Yaw System,303,Cable twist limit exceeded,6.6,Preventiva
498,2025-05-01 14:17:00,2025-05-02 03:17:00,WTG-30,Hydraulic System,401,Low hydraulic pressure,13.0,Corretiva
499,2025-05-01 16:51:00,2025-05-02 00:15:00,WTG-22,Pitch System,202,Pitch battery fault,7.4,Corretiva
500,2025-05-02 02:38:00,2025-05-02 05:38:00,WTG-18,Generator,503,Bearing temperature high,3.0,Corretiva
501,2025-05-02 11:31:00,2025-05-03 00:01:00,WTG-22,Pitch System,203,Pitch motor overtemperature,12.5,Corretiva
502,2025-05-03 08:22:00,2025-05-03 10:52:00,WTG-20,Generator,504,Slip ring brush wear limit,2.5,Corretiva
503,2025-05-03 13:05:00,2025-05-03 18:29:00,WTG-16,Hydraulic System,403,Hydraulic pump motor overload,5.4,Preventiva
504,2025-05-03 13:23:00,2025-05-03 14:11:00,WTG-05,Yaw System,305,Yaw inverter fault,0.8,Corretiva
505,2025-05-03 13:25:00,2025-05-03 23:01:00,WTG-13,Converter / Electrical,601,Grid voltage out of limits,9.6,Preventiva
506,2025-05-03 19:03:00,2025-05-04 01:51:00,WTG-03,Pitch System,202,Pitch battery fault,6.8,Preventiva
507,2025-05-04 02:09:00,2025-05-04 05:51:00,WTG-17,Sensors / Weather,803,Ice detection on blades,3.7,Corretiva
508,2025-05-04 22:05:00,2025-05-05 06:17:00,WTG-01,Gearbox (Multiplicador),701,Low oil pressure,8.2,Corretiva
509,2025-05-05 10:18:00,2025-05-05 11:36:00,WTG-06,Sensors / Weather,803,Ice detection on blades,1.3,Corretiva
510,2025-05-05 13:59:00,2025-05-06 00:47:00,WTG-19,Generator,503,Bearing temperature high,10.8,Preventiva
511,2025-05-06 02:08:00,2025-05-06 07:08:00,WTG-29,Hydraulic System,402,High hydraulic pressure,5.0,Corretiva
512,2025-05-06 04:15:00,2025-05-06 14:51:00,WTG-17,Converter / Electrical,602,IGBT overtemperature,10.6,Corretiva
513,2025-05-06 06:03:00,2025-05-06 16:21:00,WTG-12,Pitch System,202,Pitch battery fault,10.3,Preventiva
514,2025-05-06 12:40:00,2025-05-07 00:10:00,WTG-19,Generator,501,High temperature winding,11.5,Corretiva
515,2025-05-06 22:24:00,2025-05-06 23:42:00,WTG-23,Converter / Electrical,604,DC link overvoltage,1.3,Corretiva
516,2025-05-06 23:23:00,2025-05-07 01:05:00,WTG-11,Pitch System,201,Difference between Pitch angles,1.7,Corretiva
517,2025-05-07 08:54:00,2025-05-07 10:42:00,WTG-24,Hydraulic System,401,Low hydraulic pressure,1.8,Corretiva
518,2025-05-07 19:22:00,2025-05-08 04:46:00,WTG-01,Hydraulic System,402,High hydraulic pressure,9.4,Corretiva
519,2025-05-08 05:22:00,2025-05-08 07:52:00,WTG-19,Generator,503,Bearing temperature high,2.5,Corretiva
520,2025-05-08 05:45:00,2025-05-08 09:03:00,WTG-02,Generator,504,Slip ring brush wear limit,3.3,Corretiva
521,2025-05-08 05:51:00,2025-05-08 11:09:00,WTG-14,Generator,502,Generator cooling failure,5.3,Preventiva
522,2025-05-08 13:03:00,2025-05-09 06:27:00,WTG-09,Yaw System,302,Yaw motor overload,17.4,Corretiva
523,2025-05-08 18:15:00,2025-05-09 01:57:00,WTG-18,Generator,502,Generator cooling failure,7.7,Corretiva
524,2025-05-08 18:27:00,2025-05-08 23:51:00,WTG-19,Generator,505,Generator overspeed,5.4,Preventiva
525,2025-05-09 04:53:00,2025-05-09 17:05:00,WTG-03,Sensors / Weather,801,Anemometer mismatch,12.2,Corretiva
526,2025-05-09 09:25:00,2025-05-09 16:01:00,WTG-26,Generator,501,High temperature winding,6.6,Preventiva
527,2025-05-09 11:09:00,2025-05-09 17:51:00,WTG-23,Pitch System,204,Pitch position sensor error,6.7,Corretiva
528,2025-05-09 11:41:00,2025-05-09 16:41:00,WTG-16,Sensors / Weather,804,Ambient temperature out of range,5.0,Corretiva
529,2025-05-09 13:41:00,2025-05-09 15:29:00,WTG-11,Generator,505,Generator overspeed,1.8,Corretiva
530,2025-05-09 16:39:00,2025-05-09 22:57:00,WTG-16,Yaw System,302,Yaw motor overload,6.3,Corretiva
531,2025-05-09 18:02:00,2025-05-09 21:26:00,WTG-16,Generator,505,Generator overspeed,3.4,Corretiva
532,2025-05-09 21:33:00,2025-05-11 07:51:00,WTG-20,Converter / Electrical,603,Converter communication failure,34.3,Corretiva
533,2025-05-09 22:58:00,2025-05-10 19:28:00,WTG-18,Converter / Electrical,602,IGBT overtemperature,20.5,Corretiva
534,2025-05-10 01:12:00,2025-05-10 12:06:00,WTG-29,Sensors / Weather,802,Wind vane error,10.9,Corretiva
535,2025-05-10 17:40:00,2025-05-11 06:28:00,WTG-10,Hydraulic System,402,High hydraulic pressure,12.8,Corretiva
536,2025-05-11 12:27:00,2025-05-11 23:15:00,WTG-04,Yaw System,305,Yaw inverter fault,10.8,Preventiva
537,2025-05-11 16:27:00,2025-05-12 03:39:00,WTG-08,Hydraulic System,401,Low hydraulic pressure,11.2,Corretiva
538,2025-05-11 23:17:00,2025-05-12 11:11:00,WTG-22,Converter / Electrical,603,Converter communication failure,11.9,Preventiva
539,2025-05-12 00:32:00,2025-05-12 04:26:00,WTG-24,Hydraulic System,403,Hydraulic pump motor overload,3.9,Corretiva
540,2025-05-12 02:07:00,2025-05-12 03:13:00,WTG-14,Generator,501,High temperature winding,1.1,Corretiva
541,2025-05-12 14:25:00,2025-05-12 17:55:00,WTG-19,Hydraulic System,404,Hydraulic oil low level,3.5,Corretiva
542,2025-05-12 15:30:00,2025-05-13 10:24:00,WTG-28,Yaw System,304,Yaw brake failure,18.9,Corretiva
543,2025-05-12 23:11:00,2025-05-13 05:29:00,WTG-14,Hydraulic System,405,Valve switching failure,6.3,Preventiva
544,2025-05-13 15:21:00,2025-05-13 17:51:00,WTG-27,Sensors / Weather,801,Anemometer mismatch,2.5,Corretiva
545,2025-05-13 17:52:00,2025-05-14 00:04:00,WTG-19,Yaw System,304,Yaw brake failure,6.2,Corretiva
546,2025-05-14 02:03:00,2025-05-14 12:45:00,WTG-04,Hydraulic System,404,Hydraulic oil low level,10.7,Preventiva
547,2025-05-14 06:22:00,2025-05-14 15:10:00,WTG-14,Yaw System,302,Yaw motor overload,8.8,Preventiva
548,2025-05-14 07:48:00,2025-05-14 23:00:00,WTG-24,Sensors / Weather,804,Ambient temperature out of range,15.2,Corretiva
549,2025-05-14 08:30:00,2025-05-14 09:42:00,WTG-12,Generator,503,Bearing temperature high,1.2,Corretiva
550,2025-05-14 22:41:00,2025-05-16 03:41:00,WTG-03,Generator,502,Generator cooling failure,29.0,Corretiva
551,2025-05-15 04:01:00,2025-05-15 08:07:00,WTG-24,Yaw System,304,Yaw brake failure,4.1,Corretiva
552,2025-05-15 05:40:00,2025-05-15 12:52:00,WTG-21,Converter / Electrical,603,Converter communication failure,7.2,Corretiva
553,2025-05-15 14:47:00,2025-05-15 19:29:00,WTG-11,Converter / Electrical,605,Grid frequency instability,4.7,Corretiva
554,2025-05-16 07:50:00,2025-05-17 04:26:00,WTG-11,Hydraulic System,402,High hydraulic pressure,20.6,Corretiva
555,2025-05-16 16:21:00,2025-05-17 02:57:00,WTG-20,Pitch System,201,Difference between Pitch angles,10.6,Preventiva
556,2025-05-16 21:06:00,2025-05-17 01:42:00,WTG-22,Converter / Electrical,604,DC link overvoltage,4.6,Corretiva
557,2025-05-17 00:32:00,2025-05-17 02:56:00,WTG-22,Pitch System,203,Pitch motor overtemperature,2.4,Corretiva
558,2025-05-17 13:01:00,2025-05-17 23:19:00,WTG-06,Sensors / Weather,802,Wind vane error,10.3,Preventiva
559,2025-05-17 13:03:00,2025-05-17 17:45:00,WTG-24,Generator,501,High temperature winding,4.7,Corretiva
560,2025-05-17 13:38:00,2025-05-17 19:02:00,WTG-02,Sensors / Weather,802,Wind vane error,5.4,Corretiva
561,2025-05-17 18:01:00,2025-05-17 23:37:00,WTG-20,Converter / Electrical,605,Grid frequency instability,5.6,Preventiva
562,2025-05-17 22:17:00,2025-05-18 05:47:00,WTG-05,Converter / Electrical,602,IGBT overtemperature,7.5,Preventiva
563,2025-05-18 10:06:00,2025-05-18 19:36:00,WTG-07,Gearbox (Multiplicador),702,High oil temperature,9.5,Preventiva
564,2025-05-18 13:43:00,2025-05-18 16:31:00,WTG-22,Yaw System,304,Yaw brake failure,2.8,Corretiva
565,2025-05-18 14:12:00,2025-05-18 18:48:00,WTG-17,Generator,502,Generator cooling failure,4.6,Preventiva
566,2025-05-18 15:01:00,2025-05-18 22:37:00,WTG-20,Converter / Electrical,603,Converter communication failure,7.6,Corretiva
567,2025-05-18 23:40:00,2025-05-19 02:52:00,WTG-13,Converter / Electrical,604,DC link overvoltage,3.2,Corretiva
568,2025-05-19 02:18:00,2025-05-19 19:24:00,WTG-25,Sensors / Weather,802,Wind vane error,17.1,Corretiva
569,2025-05-19 05:17:00,2025-05-19 08:05:00,WTG-07,Pitch System,205,Blade angle asymmetry limit reached,2.8,Corretiva
570,2025-05-19 12:57:00,2025-05-19 21:39:00,WTG-04,Hydraulic System,405,Valve switching failure,8.7,Corretiva
571,2025-05-19 15:37:00,2025-05-19 19:37:00,WTG-16,Sensors / Weather,801,Anemometer mismatch,4.0,Corretiva
572,2025-05-19 18:08:00,2025-05-19 19:14:00,WTG-08,Hydraulic System,401,Low hydraulic pressure,1.1,Corretiva
573,2025-05-19 20:07:00,2025-05-19 21:01:00,WTG-12,Gearbox (Multiplicador),705,Gear mesh frequency vibration,0.9,Corretiva
574,2025-05-19 22:57:00,2025-05-20 04:33:00,WTG-26,Pitch System,205,Blade angle asymmetry limit reached,5.6,Corretiva
575,2025-05-20 19:46:00,2025-05-20 22:10:00,WTG-21,Pitch System,205,Blade angle asymmetry limit reached,2.4,Corretiva
576,2025-05-21 12:49:00,2025-05-21 22:55:00,WTG-17,Converter / Electrical,603,Converter communication failure,10.1,Preventiva
577,2025-05-21 23:59:00,2025-05-22 07:59:00,WTG-05,Generator,502,Generator cooling failure,8.0,Preventiva
578,2025-05-22 04:01:00,2025-05-22 04:37:00,WTG-29,Pitch System,205,Blade angle asymmetry limit reached,0.6,Corretiva
579,2025-05-22 15:47:00,2025-05-23 01:53:00,WTG-20,Generator,501,High temperature winding,10.1,Corretiva
580,2025-05-22 22:36:00,2025-05-23 04:12:00,WTG-25,Yaw System,303,Cable twist limit exceeded,5.6,Corretiva
581,2025-05-23 07:54:00,2025-05-23 09:36:00,WTG-02,Gearbox (Multiplicador),701,Low oil pressure,1.7,Corretiva
582,2025-05-23 10:15:00,2025-05-23 18:09:00,WTG-21,Yaw System,302,Yaw motor overload,7.9,Corretiva
583,2025-05-23 19:00:00,2025-05-23 23:24:00,WTG-22,Sensors / Weather,804,Ambient temperature out of range,4.4,Corretiva
584,2025-05-23 23:28:00,2025-05-24 00:46:00,WTG-29,Gearbox (Multiplicador),703,Bearing vibration high,1.3,Corretiva
585,2025-05-24 00:40:00,2025-05-24 01:46:00,WTG-20,Converter / Electrical,601,Grid voltage out of limits,1.1,Corretiva
586,2025-05-24 07:00:00,2025-05-24 10:12:00,WTG-01,Gearbox (Multiplicador),704,Oil filter clogged,3.2,Corretiva
587,2025-05-24 15:19:00,2025-05-24 21:13:00,WTG-24,Generator,505,Generator overspeed,5.9,Corretiva
588,2025-05-24 18:32:00,2025-05-24 20:08:00,WTG-05,Generator,503,Bearing temperature high,1.6,Corretiva
589,2025-05-25 01:10:00,2025-05-25 12:34:00,WTG-08,Gearbox (Multiplicador),705,Gear mesh frequency vibration,11.4,Corretiva
590,2025-05-25 06:27:00,2025-05-25 13:45:00,WTG-21,Converter / Electrical,603,Converter communication failure,7.3,Corretiva
591,2025-05-25 22:33:00,2025-05-26 02:09:00,WTG-21,Hydraulic System,401,Low hydraulic pressure,3.6,Corretiva
592,2025-05-26 05:59:00,2025-05-26 10:35:00,WTG-07,Pitch System,204,Pitch position sensor error,4.6,Corretiva
593,2025-05-26 09:57:00,2025-05-27 04:03:00,WTG-27,Gearbox (Multiplicador),705,Gear mesh frequency vibration,18.1,Corretiva
594,2025-05-27 06:46:00,2025-05-27 13:28:00,WTG-01,Pitch System,202,Pitch battery fault,6.7,Corretiva
595,2025-05-27 16:31:00,2025-05-27 17:31:00,WTG-03,Hydraulic System,401,Low hydraulic pressure,1.0,Corretiva
596,2025-05-27 22:08:00,2025-05-28 08:38:00,WTG-27,Converter / Electrical,601,Grid voltage out of limits,10.5,Preventiva
597,2025-05-27 23:52:00,2025-05-28 08:04:00,WTG-02,Gearbox (Multiplicador),704,Oil filter clogged,8.2,Preventiva
598,2025-05-28 00:48:00,2025-05-28 01:36:00,WTG-28,Generator,503,Bearing temperature high,0.8,Corretiva
599,2025-05-28 00:57:00,2025-05-28 12:57:00,WTG-24,Yaw System,302,Yaw motor overload,12.0,Corretiva
600,2025-05-28 10:04:00,2025-05-28 18:34:00,WTG-08,Gearbox (Multiplicador),701,Low oil pressure,8.5,Preventiva
601,2025-05-28 11:58:00,2025-05-28 16:04:00,WTG-01,Converter / Electrical,601,Grid voltage out of limits,4.1,Corretiva
602,2025-05-28 17:47:00,2025-05-28 23:59:00,WTG-06,Generator,505,Generator overspeed,6.2,Corretiva
603,2025-05-28 18:56:00,2025-05-29 00:32:00,WTG-27,Pitch System,202,Pitch battery fault,5.6,Preventiva
604,2025-05-28 21:50:00,2025-05-29 01:50:00,WTG-28,Pitch System,202,Pitch battery fault,4.0,Corretiva
605,2025-05-29 00:12:00,2025-05-29 02:42:00,WTG-04,Pitch System,201,Difference between Pitch angles,2.5,Corretiva
606,2025-05-29 05:24:00,2025-05-29 08:12:00,WTG-03,Hydraulic System,402,High hydraulic pressure,2.8,Corretiva
607,2025-05-29 10:32:00,2025-05-29 16:02:00,WTG-21,Gearbox (Multiplicador),703,Bearing vibration high,5.5,Preventiva
608,2025-05-29 16:31:00,2025-05-30 06:55:00,WTG-28,Yaw System,305,Yaw inverter fault,14.4,Corretiva
609,2025-05-29 20:17:00,2025-05-30 03:41:00,WTG-24,Sensors / Weather,804,Ambient temperature out of range,7.4,Corretiva
610,2025-05-29 21:45:00,2025-05-30 18:15:00,WTG-01,Converter / Electrical,602,IGBT overtemperature,20.5,Corretiva
611,2025-05-30 02:32:00,2025-05-30 03:08:00,WTG-24,Yaw System,303,Cable twist limit exceeded,0.6,Corretiva
612,2025-05-30 07:30:00,2025-05-31 15:12:00,WTG-10,Converter / Electrical,604,DC link overvoltage,31.7,Corretiva
613,2025-05-30 11:26:00,2025-05-30 19:44:00,WTG-15,Generator,503,Bearing temperature high,8.3,Corretiva
614,2025-05-30 12:03:00,2025-06-01 06:33:00,WTG-11,Converter / Electrical,602,IGBT overtemperature,42.5,Corretiva
615,2025-05-30 14:31:00,2025-05-30 17:13:00,WTG-28,Generator,504,Slip ring brush wear limit,2.7,Corretiva
616,2025-05-31 09:04:00,2025-05-31 14:34:00,WTG-11,Gearbox (Multiplicador),703,Bearing vibration high,5.5,Preventiva
617,2025-05-31 15:52:00,2025-05-31 20:16:00,WTG-08,Sensors / Weather,804,Ambient temperature out of range,4.4,Preventiva
618,2025-05-31 23:09:00,2025-06-01 04:27:00,WTG-02,Sensors / Weather,804,Ambient temperature out of range,5.3,Corretiva
619,2025-05-31 23:41:00,2025-06-01 10:35:00,WTG-26,Converter / Electrical,604,DC link overvoltage,10.9,Corretiva
620,2025-06-01 05:44:00,2025-06-01 07:44:00,WTG-04,Generator,503,Bearing temperature high,2.0,Corretiva
621,2025-06-01 09:21:00,2025-06-02 07:57:00,WTG-22,Sensors / Weather,802,Wind vane error,22.6,Corretiva
622,2025-06-01 13:48:00,2025-06-01 21:00:00,WTG-10,Gearbox (Multiplicador),701,Low oil pressure,7.2,Corretiva
623,2025-06-01 16:22:00,2025-06-02 01:28:00,WTG-05,Pitch System,203,Pitch motor overtemperature,9.1,Preventiva
624,2025-06-01 19:26:00,2025-06-01 22:38:00,WTG-23,Hydraulic System,405,Valve switching failure,3.2,Corretiva
625,2025-06-02 01:09:00,2025-06-02 10:03:00,WTG-28,Yaw System,304,Yaw brake failure,8.9,Corretiva
626,2025-06-02 05:24:00,2025-06-02 17:42:00,WTG-25,Hydraulic System,404,Hydraulic oil low level,12.3,Corretiva
627,2025-06-02 17:49:00,2025-06-02 19:19:00,WTG-19,Hydraulic System,405,Valve switching failure,1.5,Corretiva
628,2025-06-03 03:41:00,2025-06-03 07:23:00,WTG-15,Generator,501,High temperature winding,3.7,Corretiva
629,2025-06-03 05:13:00,2025-06-03 09:25:00,WTG-29,Pitch System,205,Blade angle asymmetry limit reached,4.2,Preventiva
630,2025-06-03 08:46:00,2025-06-03 11:34:00,WTG-08,Gearbox (Multiplicador),705,Gear mesh frequency vibration,2.8,Corretiva
631,2025-06-03 08:57:00,2025-06-03 12:57:00,WTG-11,Pitch System,201,Difference between Pitch angles,4.0,Corretiva
632,2025-06-03 15:20:00,2025-06-03 22:08:00,WTG-27,Gearbox (Multiplicador),704,Oil filter clogged,6.8,Corretiva
633,2025-06-03 16:24:00,2025-06-03 22:06:00,WTG-14,Sensors / Weather,802,Wind vane error,5.7,Corretiva
634,2025-06-04 10:18:00,2025-06-04 23:30:00,WTG-24,Hydraulic System,403,Hydraulic pump motor overload,13.2,Corretiva
635,2025-06-04 16:46:00,2025-06-04 18:52:00,WTG-03,Hydraulic System,405,Valve switching failure,2.1,Corretiva
636,2025-06-04 17:57:00,2025-06-04 21:21:00,WTG-21,Generator,502,Generator cooling failure,3.4,Corretiva
637,2025-06-04 21:14:00,2025-06-05 00:08:00,WTG-29,Converter / Electrical,602,IGBT overtemperature,2.9,Corretiva
638,2025-06-05 06:01:00,2025-06-05 18:25:00,WTG-26,Converter / Electrical,604,DC link overvoltage,12.4,Corretiva
639,2025-06-05 13:42:00,2025-06-05 16:24:00,WTG-28,Converter / Electrical,604,DC link overvoltage,2.7,Corretiva
640,2025-06-05 20:10:00,2025-06-06 04:28:00,WTG-09,Generator,501,High temperature winding,8.3,Corretiva
641,2025-06-06 00:33:00,2025-06-06 11:09:00,WTG-24,Converter / Electrical,603,Converter communication failure,10.6,Preventiva
642,2025-06-06 06:46:00,2025-06-07 03:16:00,WTG-02,Hydraulic System,402,High hydraulic pressure,20.5,Corretiva
643,2025-06-06 14:12:00,2025-06-06 22:48:00,WTG-06,Sensors / Weather,803,Ice detection on blades,8.6,Preventiva
644,2025-06-06 14:30:00,2025-06-07 01:06:00,WTG-05,Gearbox (Multiplicador),701,Low oil pressure,10.6,Corretiva
645,2025-06-06 21:05:00,2025-06-07 00:47:00,WTG-15,Generator,504,Slip ring brush wear limit,3.7,Corretiva
646,2025-06-07 03:42:00,2025-06-07 04:54:00,WTG-11,Gearbox (Multiplicador),701,Low oil pressure,1.2,Corretiva
647,2025-06-07 03:44:00,2025-06-07 08:26:00,WTG-18,Converter / Electrical,601,Grid voltage out of limits,4.7,Preventiva
648,2025-06-07 08:19:00,2025-06-07 17:49:00,WTG-07,Hydraulic System,401,Low hydraulic pressure,9.5,Corretiva
649,2025-06-07 11:57:00,2025-06-07 13:15:00,WTG-07,Yaw System,304,Yaw brake failure,1.3,Corretiva
650,2025-06-08 02:43:00,2025-06-08 10:49:00,WTG-18,Sensors / Weather,802,Wind vane error,8.1,Corretiva
651,2025-06-08 02:46:00,2025-06-08 08:40:00,WTG-09,Pitch System,203,Pitch motor overtemperature,5.9,Corretiva
652,2025-06-08 03:28:00,2025-06-08 10:46:00,WTG-04,Gearbox (Multiplicador),703,Bearing vibration high,7.3,Corretiva
653,2025-06-08 05:19:00,2025-06-08 08:49:00,WTG-09,Pitch System,201,Difference between Pitch angles,3.5,Corretiva
654,2025-06-08 12:14:00,2025-06-09 05:14:00,WTG-02,Hydraulic System,403,Hydraulic pump motor overload,17.0,Corretiva
655,2025-06-08 13:02:00,2025-06-09 10:32:00,WTG-08,Hydraulic System,405,Valve switching failure,21.5,Corretiva
656,2025-06-08 16:52:00,2025-06-08 22:22:00,WTG-27,Converter / Electrical,603,Converter communication failure,5.5,Corretiva
657,2025-06-09 03:20:00,2025-06-09 05:08:00,WTG-13,Pitch System,203,Pitch motor overtemperature,1.8,Corretiva
658,2025-06-09 05:46:00,2025-06-09 13:04:00,WTG-10,Converter / Electrical,602,IGBT overtemperature,7.3,Corretiva
659,2025-06-09 13:51:00,2025-06-10 01:39:00,WTG-24,Yaw System,302,Yaw motor overload,11.8,Corretiva
660,2025-06-09 19:11:00,2025-06-10 15:41:00,WTG-23,Generator,504,Slip ring brush wear limit,20.5,Corretiva
661,2025-06-10 04:56:00,2025-06-10 14:38:00,WTG-23,Gearbox (Multiplicador),703,Bearing vibration high,9.7,Corretiva
662,2025-06-10 16:59:00,2025-06-11 07:35:00,WTG-11,Converter / Electrical,604,DC link overvoltage,14.6,Corretiva
663,2025-06-10 21:57:00,2025-06-11 08:51:00,WTG-04,Gearbox (Multiplicador),702,High oil temperature,10.9,Preventiva
664,2025-06-11 02:01:00,2025-06-11 19:55:00,WTG-22,Generator,505,Generator overspeed,17.9,Corretiva
665,2025-06-11 17:28:00,2025-06-12 06:28:00,WTG-24,Yaw System,305,Yaw inverter fault,13.0,Corretiva
666,2025-06-11 19:48:00,2025-06-13 02:12:00,WTG-08,Gearbox (Multiplicador),705,Gear mesh frequency vibration,30.4,Corretiva
667,2025-06-12 07:07:00,2025-06-12 10:01:00,WTG-26,Pitch System,205,Blade angle asymmetry limit reached,2.9,Corretiva
668,2025-06-12 10:07:00,2025-06-12 11:13:00,WTG-27,Hydraulic System,404,Hydraulic oil low level,1.1,Corretiva
669,2025-06-13 22:33:00,2025-06-14 01:39:00,WTG-02,Pitch System,202,Pitch battery fault,3.1,Corretiva
670,2025-06-13 23:45:00,2025-06-14 11:27:00,WTG-07,Hydraulic System,402,High hydraulic pressure,11.7,Preventiva
671,2025-06-14 02:43:00,2025-06-14 13:01:00,WTG-07,Yaw System,303,Cable twist limit exceeded,10.3,Corretiva
672,2025-06-14 05:17:00,2025-06-15 09:59:00,WTG-05,Generator,505,Generator overspeed,28.7,Corretiva
673,2025-06-14 05:47:00,2025-06-14 14:35:00,WTG-30,Converter / Electrical,604,DC link overvoltage,8.8,Corretiva
674,2025-06-14 10:51:00,2025-06-15 06:39:00,WTG-10,Sensors / Weather,802,Wind vane error,19.8,Corretiva
675,2025-06-15 00:20:00,2025-06-15 01:56:00,WTG-27,Gearbox (Multiplicador),704,Oil filter clogged,1.6,Corretiva
676,2025-06-15 01:19:00,2025-06-15 12:25:00,WTG-23,Sensors / Weather,803,Ice detection on blades,11.1,Corretiva
677,2025-06-15 03:43:00,2025-06-15 07:31:00,WTG-22,Converter / Electrical,605,Grid frequency instability,3.8,Corretiva
678,2025-06-15 07:34:00,2025-06-15 16:52:00,WTG-02,Gearbox (Multiplicador),702,High oil temperature,9.3,Preventiva
679,2025-06-15 17:02:00,2025-06-16 00:44:00,WTG-05,Sensors / Weather,804,Ambient temperature out of range,7.7,Preventiva
680,2025-06-15 17:19:00,2025-06-15 23:55:00,WTG-08,Gearbox (Multiplicador),701,Low oil pressure,6.6,Preventiva
681,2025-06-15 17:38:00,2025-06-16 08:14:00,WTG-19,Hydraulic System,402,High hydraulic pressure,14.6,Corretiva
682,2025-06-16 09:10:00,2025-06-17 18:46:00,WTG-04,Converter / Electrical,603,Converter communication failure,33.6,Corretiva
683,2025-06-16 11:15:00,2025-06-17 08:33:00,WTG-06,Pitch System,203,Pitch motor overtemperature,21.3,Corretiva
684,2025-06-16 19:07:00,2025-06-16 21:25:00,WTG-28,Yaw System,303,Cable twist limit exceeded,2.3,Corretiva
685,2025-06-16 20:14:00,2025-06-16 21:32:00,WTG-24,Pitch System,205,Blade angle asymmetry limit reached,1.3,Corretiva
686,2025-06-16 22:28:00,2025-06-17 03:04:00,WTG-22,Gearbox (Multiplicador),704,Oil filter clogged,4.6,Corretiva
687,2025-06-17 01:57:00,2025-06-17 12:39:00,WTG-10,Hydraulic System,403,Hydraulic pump motor overload,10.7,Preventiva
688,2025-06-17 08:00:00,2025-06-17 09:48:00,WTG-30,Generator,505,Generator overspeed,1.8,Corretiva
689,2025-06-17 10:44:00,2025-06-17 15:50:00,WTG-13,Gearbox (Multiplicador),703,Bearing vibration high,5.1,Preventiva
690,2025-06-17 11:02:00,2025-06-17 17:50:00,WTG-02,Hydraulic System,401,Low hydraulic pressure,6.8,Corretiva
691,2025-06-17 18:20:00,2025-06-18 05:50:00,WTG-15,Yaw System,304,Yaw brake failure,11.5,Preventiva
692,2025-06-18 01:05:00,2025-06-18 03:17:00,WTG-04,Generator,505,Generator overspeed,2.2,Corretiva
693,2025-06-18 05:20:00,2025-06-18 13:44:00,WTG-09,Sensors / Weather,801,Anemometer mismatch,8.4,Corretiva
694,2025-06-18 09:20:00,2025-06-18 09:56:00,WTG-16,Converter / Electrical,602,IGBT overtemperature,0.6,Corretiva
695,2025-06-18 20:23:00,2025-06-18 21:11:00,WTG-20,Sensors / Weather,802,Wind vane error,0.8,Corretiva
696,2025-06-19 03:04:00,2025-06-19 09:16:00,WTG-13,Pitch System,205,Blade angle asymmetry limit reached,6.2,Corretiva
697,2025-06-19 14:49:00,2025-06-19 16:31:00,WTG-09,Generator,502,Generator cooling failure,1.7,Corretiva
698,2025-06-19 14:55:00,2025-06-19 22:01:00,WTG-12,Gearbox (Multiplicador),705,Gear mesh frequency vibration,7.1,Corretiva
699,2025-06-19 17:55:00,2025-06-20 04:07:00,WTG-09,Hydraulic System,404,Hydraulic oil low level,10.2,Preventiva
700,2025-06-20 04:58:00,2025-06-20 06:10:00,WTG-21,Hydraulic System,404,Hydraulic oil low level,1.2,Corretiva
701,2025-06-20 13:15:00,2025-06-20 14:57:00,WTG-28,Converter / Electrical,605,Grid frequency instability,1.7,Corretiva
702,2025-06-20 17:39:00,2025-06-20 19:21:00,WTG-19,Gearbox (Multiplicador),705,Gear mesh frequency vibration,1.7,Corretiva
703,2025-06-20 21:49:00,2025-06-21 02:07:00,WTG-10,Sensors / Weather,801,Anemometer mismatch,4.3,Corretiva
704,2025-06-21 22:31:00,2025-06-21 23:49:00,WTG-13,Yaw System,301,Yaw error,1.3,Corretiva
705,2025-06-22 18:37:00,2025-06-23 17:19:00,WTG-11,Yaw System,305,Yaw inverter fault,22.7,Corretiva
706,2025-06-22 19:22:00,2025-06-23 02:58:00,WTG-17,Hydraulic System,405,Valve switching failure,7.6,Corretiva
707,2025-06-22 22:17:00,2025-06-23 01:47:00,WTG-01,Gearbox (Multiplicador),702,High oil temperature,3.5,Corretiva
708,2025-06-23 07:59:00,2025-06-23 20:35:00,WTG-17,Gearbox (Multiplicador),702,High oil temperature,12.6,Corretiva
709,2025-06-23 15:41:00,2025-06-23 16:11:00,WTG-27,Hydraulic System,403,Hydraulic pump motor overload,0.5,Corretiva
710,2025-06-23 17:02:00,2025-06-24 09:56:00,WTG-18,Pitch System,203,Pitch motor overtemperature,16.9,Corretiva
711,2025-06-24 03:37:00,2025-06-25 04:31:00,WTG-06,Converter / Electrical,601,Grid voltage out of limits,24.9,Corretiva
712,2025-06-24 10:30:00,2025-06-24 11:24:00,WTG-15,Converter / Electrical,605,Grid frequency instability,0.9,Corretiva
713,2025-06-24 13:33:00,2025-06-24 15:15:00,WTG-28,Sensors / Weather,803,Ice detection on blades,1.7,Corretiva
714,2025-06-24 17:21:00,2025-06-24 22:15:00,WTG-30,Hydraulic System,402,High hydraulic pressure,4.9,Corretiva
715,2025-06-25 03:01:00,2025-06-25 08:43:00,WTG-14,Sensors / Weather,804,Ambient temperature out of range,5.7,Corretiva
716,2025-06-25 13:02:00,2025-06-25 14:56:00,WTG-15,Pitch System,201,Difference between Pitch angles,1.9,Corretiva
717,2025-06-25 14:03:00,2025-06-25 23:09:00,WTG-16,Yaw System,305,Yaw inverter fault,9.1,Preventiva
718,2025-06-26 08:09:00,2025-06-26 13:03:00,WTG-13,Converter / Electrical,603,Converter communication failure,4.9,Corretiva
719,2025-06-26 10:10:00,2025-06-27 15:10:00,WTG-29,Pitch System,202,Pitch battery fault,29.0,Corretiva
720,2025-06-27 05:12:00,2025-06-27 14:18:00,WTG-11,Yaw System,302,Yaw motor overload,9.1,Corretiva
721,2025-06-27 07:15:00,2025-06-27 11:45:00,WTG-18,Gearbox (Multiplicador),702,High oil temperature,4.5,Preventiva
722,2025-06-27 16:35:00,2025-06-27 23:17:00,WTG-11,Gearbox (Multiplicador),702,High oil temperature,6.7,Corretiva
723,2025-06-27 18:06:00,2025-06-28 09:42:00,WTG-22,Sensors / Weather,802,Wind vane error,15.6,Corretiva
724,2025-06-27 18:50:00,2025-06-28 03:38:00,WTG-09,Gearbox (Multiplicador),704,Oil filter clogged,8.8,Corretiva
725,2025-06-27 19:42:00,2025-06-28 07:54:00,WTG-16,Sensors / Weather,802,Wind vane error,12.2,Corretiva
726,2025-06-27 20:39:00,2025-06-28 01:51:00,WTG-13,Pitch System,202,Pitch battery fault,5.2,Preventiva
727,2025-06-28 00:03:00,2025-06-28 03:45:00,WTG-27,Sensors / Weather,801,Anemometer mismatch,3.7,Corretiva
728,2025-06-28 00:19:00,2025-06-28 08:31:00,WTG-28,Hydraulic System,401,Low hydraulic pressure,8.2,Corretiva
729,2025-06-28 11:18:00,2025-06-28 22:06:00,WTG-26,Gearbox (Multiplicador),701,Low oil pressure,10.8,Corretiva
730,2025-06-28 12:33:00,2025-06-29 06:21:00,WTG-23,Pitch System,204,Pitch position sensor error,17.8,Corretiva
731,2025-06-28 12:52:00,2025-06-29 04:10:00,WTG-01,Sensors / Weather,802,Wind vane error,15.3,Corretiva
732,2025-06-28 19:05:00,2025-06-29 04:53:00,WTG-27,Sensors / Weather,801,Anemometer mismatch,9.8,Preventiva
733,2025-06-28 23:09:00,2025-06-29 21:09:00,WTG-30,Yaw System,302,Yaw motor overload,22.0,Corretiva
734,2025-06-29 07:17:00,2025-06-29 14:11:00,WTG-07,Yaw System,305,Yaw inverter fault,6.9,Preventiva
735,2025-06-29 08:04:00,2025-06-29 10:58:00,WTG-04,Sensors / Weather,801,Anemometer mismatch,2.9,Corretiva
736,2025-06-30 12:09:00,2025-06-30 14:09:00,WTG-15,Sensors / Weather,802,Wind vane error,2.0,Corretiva
737,2025-06-30 13:43:00,2025-06-30 20:19:00,WTG-11,Gearbox (Multiplicador),705,Gear mesh frequency vibration,6.6,Corretiva
738,2025-07-01 02:25:00,2025-07-01 07:31:00,WTG-17,Converter / Electrical,603,Converter communication failure,5.1,Preventiva
739,2025-07-01 04:48:00,2025-07-02 07:30:00,WTG-15,Sensors / Weather,802,Wind vane error,26.7,Corretiva
740,2025-07-01 09:16:00,2025-07-01 18:46:00,WTG-07,Converter / Electrical,603,Converter communication failure,9.5,Preventiva
741,2025-07-01 13:16:00,2025-07-02 00:22:00,WTG-03,Converter / Electrical,603,Converter communication failure,11.1,Corretiva
742,2025-07-01 19:45:00,2025-07-02 06:57:00,WTG-16,Generator,504,Slip ring brush wear limit,11.2,Preventiva
743,2025-07-02 05:56:00,2025-07-02 16:56:00,WTG-23,Gearbox (Multiplicador),705,Gear mesh frequency vibration,11.0,Corretiva
744,2025-07-02 06:02:00,2025-07-02 18:56:00,WTG-30,Converter / Electrical,601,Grid voltage out of limits,12.9,Corretiva
745,2025-07-03 16:13:00,2025-07-04 21:37:00,WTG-06,Generator,504,Slip ring brush wear limit,29.4,Corretiva
746,2025-07-03 19:28:00,2025-07-04 09:16:00,WTG-28,Hydraulic System,401,Low hydraulic pressure,13.8,Corretiva
747,2025-07-03 21:29:00,2025-07-04 04:53:00,WTG-16,Yaw System,305,Yaw inverter fault,7.4,Corretiva
748,2025-07-04 11:19:00,2025-07-04 17:19:00,WTG-23,Pitch System,201,Difference between Pitch angles,6.0,Corretiva
749,2025-07-04 11:36:00,2025-07-04 15:30:00,WTG-06,Converter / Electrical,601,Grid voltage out of limits,3.9,Corretiva
750,2025-07-04 15:24:00,2025-07-05 00:36:00,WTG-01,Sensors / Weather,801,Anemometer mismatch,9.2,Preventiva
751,2025-07-04 18:38:00,2025-07-04 22:50:00,WTG-24,Gearbox (Multiplicador),702,High oil temperature,4.2,Corretiva
752,2025-07-04 23:56:00,2025-07-06 02:26:00,WTG-28,Yaw System,301,Yaw error,26.5,Corretiva
753,2025-07-05 00:51:00,2025-07-05 02:27:00,WTG-07,Pitch System,204,Pitch position sensor error,1.6,Corretiva
754,2025-07-05 07:13:00,2025-07-05 19:37:00,WTG-24,Gearbox (Multiplicador),705,Gear mesh frequency vibration,12.4,Corretiva
755,2025-07-05 16:15:00,2025-07-06 10:39:00,WTG-25,Sensors / Weather,802,Wind vane error,18.4,Corretiva
756,2025-07-05 21:42:00,2025-07-06 03:30:00,WTG-26,Converter / Electrical,603,Converter communication failure,5.8,Corretiva
757,2025-07-06 00:39:00,2025-07-06 05:45:00,WTG-22,Converter / Electrical,602,IGBT overtemperature,5.1,Preventiva
758,2025-07-06 07:01:00,2025-07-06 18:43:00,WTG-14,Sensors / Weather,803,Ice detection on blades,11.7,Corretiva
759,2025-07-06 19:27:00,2025-07-07 04:27:00,WTG-06,Yaw System,305,Yaw inverter fault,9.0,Corretiva
760,2025-07-06 23:51:00,2025-07-07 09:39:00,WTG-29,Converter / Electrical,601,Grid voltage out of limits,9.8,Corretiva
761,2025-07-07 11:09:00,2025-07-07 14:21:00,WTG-20,Sensors / Weather,803,Ice detection on blades,3.2,Corretiva
762,2025-07-08 09:42:00,2025-07-08 21:00:00,WTG-03,Yaw System,303,Cable twist limit exceeded,11.3,Preventiva
763,2025-07-08 12:54:00,2025-07-08 22:06:00,WTG-20,Yaw System,302,Yaw motor overload,9.2,Corretiva
764,2025-07-08 19:19:00,2025-07-09 04:49:00,WTG-26,Sensors / Weather,802,Wind vane error,9.5,Preventiva
765,2025-07-10 01:30:00,2025-07-10 02:54:00,WTG-25,Pitch System,205,Blade angle asymmetry limit reached,1.4,Corretiva
766,2025-07-10 16:00:00,2025-07-11 04:42:00,WTG-22,Hydraulic System,402,High hydraulic pressure,12.7,Corretiva
767,2025-07-10 17:46:00,2025-07-10 20:28:00,WTG-14,Gearbox (Multiplicador),702,High oil temperature,2.7,Corretiva
768,2025-07-11 02:08:00,2025-07-11 02:50:00,WTG-18,Sensors / Weather,801,Anemometer mismatch,0.7,Corretiva
769,2025-07-11 08:34:00,2025-07-11 13:40:00,WTG-28,Hydraulic System,403,Hydraulic pump motor overload,5.1,Preventiva
770,2025-07-11 15:44:00,2025-07-11 22:20:00,WTG-05,Converter / Electrical,601,Grid voltage out of limits,6.6,Preventiva
771,2025-07-11 21:52:00,2025-07-12 11:10:00,WTG-15,Gearbox (Multiplicador),702,High oil temperature,13.3,Corretiva
772,2025-07-12 08:26:00,2025-07-12 13:02:00,WTG-10,Pitch System,203,Pitch motor overtemperature,4.6,Corretiva
773,2025-07-13 00:09:00,2025-07-13 12:03:00,WTG-15,Gearbox (Multiplicador),701,Low oil pressure,11.9,Corretiva
774,2025-07-13 17:44:00,2025-07-13 18:56:00,WTG-18,Generator,501,High temperature winding,1.2,Corretiva
775,2025-07-13 21:02:00,2025-07-14 03:20:00,WTG-16,Converter / Electrical,602,IGBT overtemperature,6.3,Preventiva
776,2025-07-13 23:00:00,2025-07-15 00:24:00,WTG-14,Generator,503,Bearing temperature high,25.4,Corretiva
777,2025-07-14 00:18:00,2025-07-14 11:18:00,WTG-17,Pitch System,203,Pitch motor overtemperature,11.0,Preventiva
778,2025-07-14 03:53:00,2025-07-14 13:47:00,WTG-15,Hydraulic System,405,Valve switching failure,9.9,Corretiva
779,2025-07-14 12:48:00,2025-07-14 15:06:00,WTG-10,Hydraulic System,403,Hydraulic pump motor overload,2.3,Corretiva
780,2025-07-15 03:22:00,2025-07-15 07:40:00,WTG-04,Yaw System,305,Yaw inverter fault,4.3,Corretiva
781,2025-07-15 15:57:00,2025-07-15 18:51:00,WTG-04,Hydraulic System,404,Hydraulic oil low level,2.9,Corretiva
782,2025-07-15 23:28:00,2025-07-16 10:16:00,WTG-14,Hydraulic System,402,High hydraulic pressure,10.8,Preventiva
783,2025-07-16 02:00:00,2025-07-16 05:06:00,WTG-24,Converter / Electrical,603,Converter communication failure,3.1,Corretiva
784,2025-07-16 03:32:00,2025-07-16 07:50:00,WTG-17,Sensors / Weather,804,Ambient temperature out of range,4.3,Preventiva
785,2025-07-16 09:22:00,2025-07-16 13:22:00,WTG-11,Sensors / Weather,801,Anemometer mismatch,4.0,Corretiva
786,2025-07-16 16:04:00,2025-07-17 03:16:00,WTG-20,Generator,501,High temperature winding,11.2,Preventiva
787,2025-07-16 16:44:00,2025-07-17 04:08:00,WTG-11,Yaw System,305,Yaw inverter fault,11.4,Preventiva
788,2025-07-16 17:13:00,2025-07-16 19:25:00,WTG-09,Generator,503,Bearing temperature high,2.2,Corretiva
789,2025-07-16 18:44:00,2025-07-17 20:44:00,WTG-05,Gearbox (Multiplicador),705,Gear mesh frequency vibration,26.0,Corretiva
790,2025-07-17 02:20:00,2025-07-17 11:56:00,WTG-12,Sensors / Weather,803,Ice detection on blades,9.6,Preventiva
791,2025-07-17 20:30:00,2025-07-18 02:54:00,WTG-18,Yaw System,305,Yaw inverter fault,6.4,Preventiva
792,2025-07-18 02:07:00,2025-07-18 05:13:00,WTG-13,Yaw System,304,Yaw brake failure,3.1,Corretiva
793,2025-07-18 19:42:00,2025-07-18 22:30:00,WTG-18,Hydraulic System,404,Hydraulic oil low level,2.8,Corretiva
794,2025-07-18 22:43:00,2025-07-18 23:43:00,WTG-14,Hydraulic System,402,High hydraulic pressure,1.0,Corretiva
795,2025-07-19 12:50:00,2025-07-20 05:50:00,WTG-24,Converter / Electrical,602,IGBT overtemperature,17.0,Corretiva
796,2025-07-20 02:41:00,2025-07-21 06:41:00,WTG-03,Sensors / Weather,803,Ice detection on blades,28.0,Corretiva
797,2025-07-20 09:32:00,2025-07-20 16:32:00,WTG-17,Generator,502,Generator cooling failure,7.0,Corretiva
798,2025-07-20 12:20:00,2025-07-20 14:50:00,WTG-18,Yaw System,305,Yaw inverter fault,2.5,Corretiva
799,2025-07-20 16:34:00,2025-07-20 18:40:00,WTG-29,Converter / Electrical,604,DC link overvoltage,2.1,Corretiva
800,2025-07-21 03:12:00,2025-07-21 11:00:00,WTG-02,Hydraulic System,403,Hydraulic pump motor overload,7.8,Preventiva
801,2025-07-21 14:26:00,2025-07-21 15:14:00,WTG-07,Pitch System,204,Pitch position sensor error,0.8,Corretiva
802,2025-07-22 01:10:00,2025-07-22 06:16:00,WTG-13,Sensors / Weather,803,Ice detection on blades,5.1,Corretiva
803,2025-07-22 01:29:00,2025-07-22 07:47:00,WTG-18,Gearbox (Multiplicador),704,Oil filter clogged,6.3,Corretiva
804,2025-07-22 03:58:00,2025-07-22 19:04:00,WTG-17,Generator,505,Generator overspeed,15.1,Corretiva
805,2025-07-22 08:00:00,2025-07-22 10:06:00,WTG-28,Converter / Electrical,601,Grid voltage out of limits,2.1,Corretiva
806,2025-07-22 14:55:00,2025-07-22 20:01:00,WTG-04,Pitch System,201,Difference between Pitch angles,5.1,Preventiva
807,2025-07-22 20:32:00,2025-07-23 03:56:00,WTG-23,Converter / Electrical,604,DC link overvoltage,7.4,Corretiva
808,2025-07-22 23:56:00,2025-07-23 00:32:00,WTG-03,Gearbox (Multiplicador),704,Oil filter clogged,0.6,Corretiva
809,2025-07-24 00:23:00,2025-07-24 03:53:00,WTG-04,Gearbox (Multiplicador),703,Bearing vibration high,3.5,Corretiva
810,2025-07-24 02:08:00,2025-07-24 03:44:00,WTG-04,Converter / Electrical,603,Converter communication failure,1.6,Corretiva
811,2025-07-24 02:52:00,2025-07-24 08:58:00,WTG-14,Gearbox (Multiplicador),705,Gear mesh frequency vibration,6.1,Corretiva
812,2025-07-24 07:37:00,2025-07-24 08:19:00,WTG-16,Yaw System,305,Yaw inverter fault,0.7,Corretiva
813,2025-07-24 19:10:00,2025-07-24 20:16:00,WTG-29,Pitch System,205,Blade angle asymmetry limit reached,1.1,Corretiva
814,2025-07-24 20:52:00,2025-07-25 04:46:00,WTG-24,Gearbox (Multiplicador),702,High oil temperature,7.9,Preventiva
815,2025-07-25 02:27:00,2025-07-25 10:27:00,WTG-08,Gearbox (Multiplicador),703,Bearing vibration high,8.0,Corretiva
816,2025-07-25 17:45:00,2025-07-25 22:33:00,WTG-17,Yaw System,305,Yaw inverter fault,4.8,Corretiva
817,2025-07-25 19:33:00,2025-07-26 02:27:00,WTG-17,Hydraulic System,405,Valve switching failure,6.9,Corretiva
818,2025-07-25 23:14:00,2025-07-26 00:14:00,WTG-04,Hydraulic System,401,Low hydraulic pressure,1.0,Corretiva
819,2025-07-26 01:11:00,2025-07-27 13:29:00,WTG-09,Hydraulic System,402,High hydraulic pressure,36.3,Corretiva
820,2025-07-26 05:55:00,2025-07-26 23:13:00,WTG-24,Gearbox (Multiplicador),705,Gear mesh frequency vibration,17.3,Corretiva
821,2025-07-26 13:02:00,2025-07-27 00:26:00,WTG-02,Gearbox (Multiplicador),701,Low oil pressure,11.4,Corretiva
822,2025-07-26 21:35:00,2025-07-27 02:29:00,WTG-04,Yaw System,303,Cable twist limit exceeded,4.9,Corretiva
823,2025-07-26 22:16:00,2025-07-27 18:52:00,WTG-02,Pitch System,201,Difference between Pitch angles,20.6,Corretiva
824,2025-07-27 00:13:00,2025-07-27 08:07:00,WTG-23,Hydraulic System,403,Hydraulic pump motor overload,7.9,Corretiva
825,2025-07-27 03:33:00,2025-07-27 19:03:00,WTG-06,Sensors / Weather,801,Anemometer mismatch,15.5,Corretiva
826,2025-07-27 05:39:00,2025-07-27 10:03:00,WTG-24,Gearbox (Multiplicador),705,Gear mesh frequency vibration,4.4,Preventiva
827,2025-07-27 15:42:00,2025-07-28 01:30:00,WTG-17,Sensors / Weather,803,Ice detection on blades,9.8,Preventiva
828,2025-07-27 18:24:00,2025-07-28 01:06:00,WTG-02,Generator,503,Bearing temperature high,6.7,Corretiva
829,2025-07-28 04:02:00,2025-07-28 06:02:00,WTG-05,Gearbox (Multiplicador),703,Bearing vibration high,2.0,Corretiva
830,2025-07-28 07:16:00,2025-07-28 10:58:00,WTG-02,Gearbox (Multiplicador),702,High oil temperature,3.7,Corretiva
831,2025-07-28 07:46:00,2025-07-28 11:22:00,WTG-13,Hydraulic System,405,Valve switching failure,3.6,Corretiva
832,2025-07-28 11:45:00,2025-07-28 23:21:00,WTG-29,Gearbox (Multiplicador),704,Oil filter clogged,11.6,Corretiva
833,2025-07-28 21:34:00,2025-07-28 22:34:00,WTG-11,Gearbox (Multiplicador),702,High oil temperature,1.0,Corretiva
834,2025-07-29 01:21:00,2025-07-29 20:21:00,WTG-12,Sensors / Weather,801,Anemometer mismatch,19.0,Corretiva
835,2025-07-29 01:25:00,2025-07-29 11:19:00,WTG-15,Sensors / Weather,802,Wind vane error,9.9,Corretiva
836,2025-07-29 02:06:00,2025-07-29 07:24:00,WTG-25,Gearbox (Multiplicador),704,Oil filter clogged,5.3,Preventiva
837,2025-07-29 05:58:00,2025-07-29 20:34:00,WTG-02,Converter / Electrical,603,Converter communication failure,14.6,Corretiva
838,2025-07-29 07:58:00,2025-07-29 08:52:00,WTG-01,Generator,502,Generator cooling failure,0.9,Corretiva
839,2025-07-29 13:30:00,2025-07-29 16:18:00,WTG-03,Sensors / Weather,801,Anemometer mismatch,2.8,Corretiva
840,2025-07-29 15:17:00,2025-07-29 17:35:00,WTG-24,Generator,501,High temperature winding,2.3,Corretiva
841,2025-07-29 15:35:00,2025-07-30 06:23:00,WTG-14,Pitch System,204,Pitch position sensor error,14.8,Corretiva
842,2025-07-29 21:51:00,2025-07-29 23:03:00,WTG-05,Sensors / Weather,804,Ambient temperature out of range,1.2,Corretiva
843,2025-07-30 01:47:00,2025-07-30 11:53:00,WTG-23,Sensors / Weather,803,Ice detection on blades,10.1,Corretiva
844,2025-07-30 16:32:00,2025-07-31 01:02:00,WTG-08,Gearbox (Multiplicador),701,Low oil pressure,8.5,Corretiva
845,2025-07-30 22:30:00,2025-07-31 06:00:00,WTG-03,Sensors / Weather,804,Ambient temperature out of range,7.5,Preventiva
846,2025-07-31 01:38:00,2025-07-31 02:14:00,WTG-03,Converter / Electrical,605,Grid frequency instability,0.6,Corretiva
847,2025-08-01 00:40:00,2025-08-01 20:46:00,WTG-03,Hydraulic System,404,Hydraulic oil low level,20.1,Corretiva
848,2025-08-01 09:05:00,2025-08-01 12:53:00,WTG-26,Pitch System,205,Blade angle asymmetry limit reached,3.8,Corretiva
849,2025-08-01 18:11:00,2025-08-01 19:05:00,WTG-02,Converter / Electrical,605,Grid frequency instability,0.9,Corretiva
850,2025-08-02 01:54:00,2025-08-02 04:18:00,WTG-24,Yaw System,303,Cable twist limit exceeded,2.4,Corretiva
851,2025-08-02 03:24:00,2025-08-02 10:00:00,WTG-30,Gearbox (Multiplicador),702,High oil temperature,6.6,Corretiva
852,2025-08-02 11:41:00,2025-08-02 15:53:00,WTG-24,Gearbox (Multiplicador),705,Gear mesh frequency vibration,4.2,Corretiva
853,2025-08-02 12:36:00,2025-08-02 13:48:00,WTG-22,Hydraulic System,401,Low hydraulic pressure,1.2,Corretiva
854,2025-08-02 13:08:00,2025-08-02 14:20:00,WTG-20,Sensors / Weather,801,Anemometer mismatch,1.2,Corretiva
855,2025-08-03 02:40:00,2025-08-03 19:28:00,WTG-05,Yaw System,305,Yaw inverter fault,16.8,Corretiva
856,2025-08-03 23:21:00,2025-08-04 09:21:00,WTG-29,Yaw System,303,Cable twist limit exceeded,10.0,Preventiva
857,2025-08-04 10:07:00,2025-08-05 09:55:00,WTG-14,Hydraulic System,403,Hydraulic pump motor overload,23.8,Corretiva
858,2025-08-05 05:06:00,2025-08-05 18:30:00,WTG-15,Sensors / Weather,801,Anemometer mismatch,13.4,Corretiva
859,2025-08-05 11:22:00,2025-08-06 06:22:00,WTG-24,Yaw System,301,Yaw error,19.0,Corretiva
860,2025-08-06 00:29:00,2025-08-06 08:05:00,WTG-17,Gearbox (Multiplicador),703,Bearing vibration high,7.6,Preventiva
861,2025-08-06 01:10:00,2025-08-06 03:58:00,WTG-12,Generator,505,Generator overspeed,2.8,Corretiva
862,2025-08-06 10:41:00,2025-08-06 17:47:00,WTG-04,Yaw System,304,Yaw brake failure,7.1,Preventiva
863,2025-08-06 11:02:00,2025-08-06 17:56:00,WTG-10,Pitch System,204,Pitch position sensor error,6.9,Preventiva
864,2025-08-06 12:17:00,2025-08-07 06:29:00,WTG-30,Sensors / Weather,804,Ambient temperature out of range,18.2,Corretiva
865,2025-08-06 21:15:00,2025-08-07 01:57:00,WTG-30,Pitch System,202,Pitch battery fault,4.7,Corretiva
866,2025-08-07 03:26:00,2025-08-07 21:32:00,WTG-02,Hydraulic System,401,Low hydraulic pressure,18.1,Corretiva
867,2025-08-07 10:46:00,2025-08-07 16:10:00,WTG-10,Generator,503,Bearing temperature high,5.4,Corretiva
868,2025-08-07 15:16:00,2025-08-08 05:28:00,WTG-08,Generator,501,High temperature winding,14.2,Corretiva
869,2025-08-07 15:22:00,2025-08-08 03:46:00,WTG-21,Hydraulic System,402,High hydraulic pressure,12.4,Corretiva
870,2025-08-07 15:31:00,2025-08-08 09:13:00,WTG-17,Converter / Electrical,604,DC link overvoltage,17.7,Corretiva
871,2025-08-08 10:43:00,2025-08-08 12:13:00,WTG-27,Converter / Electrical,602,IGBT overtemperature,1.5,Corretiva
872,2025-08-08 12:55:00,2025-08-08 22:49:00,WTG-14,Sensors / Weather,802,Wind vane error,9.9,Corretiva
873,2025-08-08 15:47:00,2025-08-08 22:05:00,WTG-28,Converter / Electrical,604,DC link overvoltage,6.3,Corretiva
874,2025-08-08 17:23:00,2025-08-09 07:23:00,WTG-07,Pitch System,202,Pitch battery fault,14.0,Corretiva
875,2025-08-08 19:00:00,2025-08-09 04:12:00,WTG-03,Sensors / Weather,801,Anemometer mismatch,9.2,Corretiva
876,2025-08-08 20:52:00,2025-08-09 05:34:00,WTG-09,Generator,503,Bearing temperature high,8.7,Preventiva
877,2025-08-09 14:46:00,2025-08-10 05:34:00,WTG-02,Pitch System,205,Blade angle asymmetry limit reached,14.8,Corretiva
878,2025-08-09 22:32:00,2025-08-10 02:50:00,WTG-01,Hydraulic System,403,Hydraulic pump motor overload,4.3,Corretiva
879,2025-08-10 00:44:00,2025-08-10 01:38:00,WTG-29,Converter / Electrical,605,Grid frequency instability,0.9,Corretiva
880,2025-08-10 02:37:00,2025-08-10 09:13:00,WTG-15,Yaw System,302,Yaw motor overload,6.6,Corretiva
881,2025-08-10 04:43:00,2025-08-10 08:55:00,WTG-22,Gearbox (Multiplicador),704,Oil filter clogged,4.2,Corretiva
882,2025-08-10 09:41:00,2025-08-10 12:47:00,WTG-18,Gearbox (Multiplicador),703,Bearing vibration high,3.1,Corretiva
883,2025-08-10 10:12:00,2025-08-10 16:48:00,WTG-16,Generator,503,Bearing temperature high,6.6,Preventiva
884,2025-08-11 05:56:00,2025-08-11 12:26:00,WTG-20,Sensors / Weather,801,Anemometer mismatch,6.5,Corretiva
885,2025-08-11 10:42:00,2025-08-11 14:48:00,WTG-08,Gearbox (Multiplicador),701,Low oil pressure,4.1,Preventiva
886,2025-08-11 13:13:00,2025-08-12 17:13:00,WTG-13,Hydraulic System,401,Low hydraulic pressure,28.0,Corretiva
887,2025-08-11 14:52:00,2025-08-11 19:10:00,WTG-11,Converter / Electrical,602,IGBT overtemperature,4.3,Corretiva
888,2025-08-11 15:57:00,2025-08-12 07:03:00,WTG-25,Gearbox (Multiplicador),701,Low oil pressure,15.1,Corretiva
889,2025-08-11 21:55:00,2025-08-12 06:07:00,WTG-24,Hydraulic System,404,Hydraulic oil low level,8.2,Corretiva
890,2025-08-12 03:15:00,2025-08-12 05:27:00,WTG-04,Generator,504,Slip ring brush wear limit,2.2,Corretiva
891,2025-08-12 04:50:00,2025-08-12 12:20:00,WTG-14,Hydraulic System,404,Hydraulic oil low level,7.5,Corretiva
892,2025-08-13 02:47:00,2025-08-13 21:41:00,WTG-11,Gearbox (Multiplicador),704,Oil filter clogged,18.9,Corretiva
893,2025-08-13 03:55:00,2025-08-13 10:55:00,WTG-22,Generator,504,Slip ring brush wear limit,7.0,Corretiva
894,2025-08-13 04:34:00,2025-08-13 10:46:00,WTG-24,Sensors / Weather,801,Anemometer mismatch,6.2,Corretiva
895,2025-08-13 06:57:00,2025-08-13 08:21:00,WTG-14,Pitch System,203,Pitch motor overtemperature,1.4,Corretiva
896,2025-08-13 11:37:00,2025-08-13 22:55:00,WTG-11,Converter / Electrical,604,DC link overvoltage,11.3,Corretiva
897,2025-08-13 11:53:00,2025-08-13 20:11:00,WTG-01,Pitch System,203,Pitch motor overtemperature,8.3,Corretiva
898,2025-08-13 23:58:00,2025-08-14 08:22:00,WTG-24,Hydraulic System,405,Valve switching failure,8.4,Corretiva
899,2025-08-14 05:27:00,2025-08-14 06:33:00,WTG-03,Hydraulic System,403,Hydraulic pump motor overload,1.1,Corretiva
900,2025-08-14 17:59:00,2025-08-15 04:11:00,WTG-06,Yaw System,303,Cable twist limit exceeded,10.2,Corretiva
901,2025-08-14 20:21:00,2025-08-15 01:27:00,WTG-17,Yaw System,304,Yaw brake failure,5.1,Corretiva
902,2025-08-15 02:53:00,2025-08-15 07:59:00,WTG-24,Hydraulic System,404,Hydraulic oil low level,5.1,Corretiva
903,2025-08-15 04:30:00,2025-08-15 07:24:00,WTG-13,Sensors / Weather,803,Ice detection on blades,2.9,Corretiva
904,2025-08-15 17:07:00,2025-08-15 18:25:00,WTG-08,Gearbox (Multiplicador),702,High oil temperature,1.3,Corretiva
905,2025-08-15 21:42:00,2025-08-16 03:18:00,WTG-16,Pitch System,204,Pitch position sensor error,5.6,Corretiva
906,2025-08-16 16:55:00,2025-08-17 03:25:00,WTG-24,Hydraulic System,405,Valve switching failure,10.5,Preventiva
907,2025-08-17 02:26:00,2025-08-17 05:32:00,WTG-23,Hydraulic System,404,Hydraulic oil low level,3.1,Corretiva
908,2025-08-17 02:54:00,2025-08-17 07:12:00,WTG-06,Hydraulic System,401,Low hydraulic pressure,4.3,Preventiva
909,2025-08-17 03:52:00,2025-08-17 15:46:00,WTG-29,Gearbox (Multiplicador),704,Oil filter clogged,11.9,Preventiva
910,2025-08-17 12:57:00,2025-08-17 14:57:00,WTG-29,Sensors / Weather,803,Ice detection on blades,2.0,Corretiva
911,2025-08-17 14:41:00,2025-08-17 16:05:00,WTG-28,Gearbox (Multiplicador),704,Oil filter clogged,1.4,Corretiva
912,2025-08-17 15:05:00,2025-08-18 01:17:00,WTG-26,Hydraulic System,404,Hydraulic oil low level,10.2,Corretiva
913,2025-08-17 15:54:00,2025-08-17 19:18:00,WTG-15,Generator,502,Generator cooling failure,3.4,Corretiva
914,2025-08-17 16:50:00,2025-08-18 01:38:00,WTG-02,Gearbox (Multiplicador),702,High oil temperature,8.8,Corretiva
915,2025-08-17 19:37:00,2025-08-18 00:25:00,WTG-27,Generator,503,Bearing temperature high,4.8,Preventiva
916,2025-08-18 12:14:00,2025-08-18 22:26:00,WTG-01,Yaw System,305,Yaw inverter fault,10.2,Preventiva
917,2025-08-19 00:38:00,2025-08-19 01:38:00,WTG-20,Pitch System,204,Pitch position sensor error,1.0,Corretiva
918,2025-08-19 07:29:00,2025-08-20 04:35:00,WTG-21,Gearbox (Multiplicador),702,High oil temperature,21.1,Corretiva
919,2025-08-19 07:46:00,2025-08-19 09:52:00,WTG-14,Sensors / Weather,801,Anemometer mismatch,2.1,Corretiva
920,2025-08-19 14:55:00,2025-08-19 21:25:00,WTG-29,Hydraulic System,401,Low hydraulic pressure,6.5,Corretiva
921,2025-08-19 15:10:00,2025-08-19 16:22:00,WTG-12,Converter / Electrical,604,DC link overvoltage,1.2,Corretiva
922,2025-08-19 17:18:00,2025-08-19 18:48:00,WTG-29,Gearbox (Multiplicador),703,Bearing vibration high,1.5,Corretiva
923,2025-08-20 13:29:00,2025-08-20 17:17:00,WTG-25,Sensors / Weather,802,Wind vane error,3.8,Corretiva
924,2025-08-20 14:08:00,2025-08-21 05:44:00,WTG-13,Sensors / Weather,802,Wind vane error,15.6,Corretiva
925,2025-08-20 14:19:00,2025-08-20 20:19:00,WTG-10,Converter / Electrical,603,Converter communication failure,6.0,Preventiva
926,2025-08-20 16:14:00,2025-08-20 18:26:00,WTG-22,Yaw System,303,Cable twist limit exceeded,2.2,Corretiva
927,2025-08-21 03:33:00,2025-08-21 18:33:00,WTG-11,Hydraulic System,405,Valve switching failure,15.0,Corretiva
928,2025-08-21 05:48:00,2025-08-21 12:06:00,WTG-09,Hydraulic System,404,Hydraulic oil low level,6.3,Corretiva
929,2025-08-21 11:47:00,2025-08-22 03:17:00,WTG-20,Hydraulic System,401,Low hydraulic pressure,15.5,Corretiva
930,2025-08-21 15:15:00,2025-08-21 23:15:00,WTG-18,Yaw System,301,Yaw error,8.0,Corretiva
931,2025-08-21 15:54:00,2025-08-21 16:42:00,WTG-21,Pitch System,202,Pitch battery fault,0.8,Corretiva
932,2025-08-21 16:14:00,2025-08-21 22:32:00,WTG-05,Sensors / Weather,804,Ambient temperature out of range,6.3,Preventiva
933,2025-08-21 19:22:00,2025-08-22 04:10:00,WTG-24,Gearbox (Multiplicador),705,Gear mesh frequency vibration,8.8,Corretiva
934,2025-08-21 20:48:00,2025-08-22 02:18:00,WTG-19,Gearbox (Multiplicador),702,High oil temperature,5.5,Preventiva
935,2025-08-22 00:15:00,2025-08-22 05:27:00,WTG-28,Sensors / Weather,803,Ice detection on blades,5.2,Preventiva
936,2025-08-22 02:35:00,2025-08-22 03:29:00,WTG-16,Sensors / Weather,802,Wind vane error,0.9,Corretiva
937,2025-08-22 03:34:00,2025-08-22 06:52:00,WTG-20,Yaw System,304,Yaw brake failure,3.3,Corretiva
938,2025-08-22 03:38:00,2025-08-22 04:26:00,WTG-30,Hydraulic System,401,Low hydraulic pressure,0.8,Corretiva
939,2025-08-22 08:57:00,2025-08-22 23:09:00,WTG-19,Gearbox (Multiplicador),704,Oil filter clogged,14.2,Corretiva
940,2025-08-22 18:01:00,2025-08-23 00:13:00,WTG-19,Hydraulic System,402,High hydraulic pressure,6.2,Corretiva
941,2025-08-22 21:01:00,2025-08-23 17:07:00,WTG-21,Converter / Electrical,601,Grid voltage out of limits,20.1,Corretiva
942,2025-08-23 02:34:00,2025-08-23 04:10:00,WTG-30,Sensors / Weather,804,Ambient temperature out of range,1.6,Corretiva
943,2025-08-23 04:04:00,2025-08-23 20:04:00,WTG-19,Generator,501,High temperature winding,16.0,Corretiva
944,2025-08-23 06:08:00,2025-08-23 15:26:00,WTG-06,Generator,502,Generator cooling failure,9.3,Preventiva
945,2025-08-23 07:55:00,2025-08-23 09:13:00,WTG-09,Converter / Electrical,601,Grid voltage out of limits,1.3,Corretiva
946,2025-08-24 01:57:00,2025-08-24 21:33:00,WTG-09,Gearbox (Multiplicador),701,Low oil pressure,19.6,Corretiva
947,2025-08-24 02:02:00,2025-08-24 10:50:00,WTG-29,Yaw System,305,Yaw inverter fault,8.8,Preventiva
948,2025-08-24 02:11:00,2025-08-24 07:29:00,WTG-11,Generator,504,Slip ring brush wear limit,5.3,Preventiva
949,2025-08-24 17:23:00,2025-08-25 02:17:00,WTG-06,Yaw System,303,Cable twist limit exceeded,8.9,Corretiva
950,2025-08-25 02:11:00,2025-08-25 05:23:00,WTG-25,Pitch System,205,Blade angle asymmetry limit reached,3.2,Corretiva
951,2025-08-25 11:25:00,2025-08-26 03:43:00,WTG-25,Converter / Electrical,603,Converter communication failure,16.3,Corretiva
952,2025-08-25 14:56:00,2025-08-25 20:08:00,WTG-19,Generator,504,Slip ring brush wear limit,5.2,Preventiva
953,2025-08-25 22:07:00,2025-08-26 08:19:00,WTG-01,Yaw System,305,Yaw inverter fault,10.2,Corretiva
954,2025-08-25 22:33:00,2025-08-26 10:03:00,WTG-19,Yaw System,302,Yaw motor overload,11.5,Preventiva
955,2025-08-25 23:54:00,2025-08-26 17:24:00,WTG-21,Sensors / Weather,802,Wind vane error,17.5,Corretiva
956,2025-08-26 02:05:00,2025-08-27 11:41:00,WTG-07,Pitch System,204,Pitch position sensor error,33.6,Corretiva
957,2025-08-26 21:28:00,2025-08-27 00:34:00,WTG-10,Sensors / Weather,804,Ambient temperature out of range,3.1,Corretiva
958,2025-08-26 23:34:00,2025-08-27 00:16:00,WTG-07,Generator,503,Bearing temperature high,0.7,Corretiva
959,2025-08-28 09:51:00,2025-08-28 11:39:00,WTG-11,Converter / Electrical,602,IGBT overtemperature,1.8,Corretiva
960,2025-08-28 10:16:00,2025-08-28 17:28:00,WTG-12,Generator,501,High temperature winding,7.2,Preventiva
961,2025-08-28 10:58:00,2025-08-28 21:40:00,WTG-04,Converter / Electrical,603,Converter communication failure,10.7,Corretiva
962,2025-08-28 12:33:00,2025-08-29 03:33:00,WTG-07,Gearbox (Multiplicador),704,Oil filter clogged,15.0,Corretiva
963,2025-08-28 13:55:00,2025-08-28 21:01:00,WTG-15,Sensors / Weather,803,Ice detection on blades,7.1,Preventiva
964,2025-08-28 22:00:00,2025-08-29 05:18:00,WTG-03,Pitch System,201,Difference between Pitch angles,7.3,Preventiva
965,2025-08-29 07:22:00,2025-08-29 12:22:00,WTG-18,Pitch System,202,Pitch battery fault,5.0,Preventiva
966,2025-08-29 16:40:00,2025-08-30 13:10:00,WTG-22,Generator,502,Generator cooling failure,20.5,Corretiva
967,2025-08-29 17:35:00,2025-08-30 02:23:00,WTG-27,Yaw System,304,Yaw brake failure,8.8,Corretiva
968,2025-08-30 00:28:00,2025-08-30 04:58:00,WTG-07,Sensors / Weather,803,Ice detection on blades,4.5,Corretiva
969,2025-08-30 03:39:00,2025-08-30 15:33:00,WTG-27,Yaw System,305,Yaw inverter fault,11.9,Corretiva
970,2025-08-30 03:45:00,2025-08-30 14:09:00,WTG-25,Yaw System,301,Yaw error,10.4,Preventiva
971,2025-08-30 07:05:00,2025-08-30 08:47:00,WTG-04,Pitch System,201,Difference between Pitch angles,1.7,Corretiva
972,2025-08-30 13:28:00,2025-08-30 19:40:00,WTG-09,Gearbox (Multiplicador),704,Oil filter clogged,6.2,Preventiva
973,2025-08-31 08:34:00,2025-08-31 12:34:00,WTG-09,Sensors / Weather,803,Ice detection on blades,4.0,Preventiva
974,2025-08-31 21:19:00,2025-09-01 02:07:00,WTG-18,Converter / Electrical,601,Grid voltage out of limits,4.8,Corretiva
975,2025-08-31 21:24:00,2025-08-31 22:48:00,WTG-26,Yaw System,304,Yaw brake failure,1.4,Corretiva
976,2025-09-01 04:10:00,2025-09-01 16:58:00,WTG-27,Yaw System,305,Yaw inverter fault,12.8,Corretiva
977,2025-09-01 06:00:00,2025-09-01 08:24:00,WTG-09,Hydraulic System,402,High hydraulic pressure,2.4,Corretiva
978,2025-09-01 13:38:00,2025-09-01 20:32:00,WTG-26,Sensors / Weather,803,Ice detection on blades,6.9,Preventiva
979,2025-09-01 16:15:00,2025-09-01 18:57:00,WTG-17,Converter / Electrical,601,Grid voltage out of limits,2.7,Corretiva
980,2025-09-01 21:25:00,2025-09-02 03:19:00,WTG-13,Gearbox (Multiplicador),701,Low oil pressure,5.9,Preventiva
981,2025-09-02 07:53:00,2025-09-03 11:23:00,WTG-07,Pitch System,203,Pitch motor overtemperature,27.5,Corretiva
982,2025-09-02 09:57:00,2025-09-02 17:15:00,WTG-11,Converter / Electrical,605,Grid frequency instability,7.3,Corretiva
983,2025-09-03 13:00:00,2025-09-03 19:06:00,WTG-23,Gearbox (Multiplicador),703,Bearing vibration high,6.1,Preventiva
984,2025-09-03 18:47:00,2025-09-04 01:59:00,WTG-08,Hydraulic System,405,Valve switching failure,7.2,Corretiva
985,2025-09-03 21:43:00,2025-09-04 09:49:00,WTG-16,Hydraulic System,402,High hydraulic pressure,12.1,Corretiva
986,2025-09-04 01:42:00,2025-09-04 05:24:00,WTG-10,Generator,504,Slip ring brush wear limit,3.7,Corretiva
987,2025-09-04 05:27:00,2025-09-04 16:21:00,WTG-06,Sensors / Weather,801,Anemometer mismatch,10.9,Preventiva
988,2025-09-05 19:17:00,2025-09-06 08:59:00,WTG-21,Pitch System,204,Pitch position sensor error,13.7,Corretiva
989,2025-09-06 05:15:00,2025-09-06 14:27:00,WTG-20,Hydraulic System,402,High hydraulic pressure,9.2,Corretiva
990,2025-09-06 09:23:00,2025-09-06 19:05:00,WTG-09,Generator,504,Slip ring brush wear limit,9.7,Corretiva
991,2025-09-06 18:56:00,2025-09-07 08:26:00,WTG-07,Yaw System,303,Cable twist limit exceeded,13.5,Corretiva
992,2025-09-07 06:33:00,2025-09-07 11:51:00,WTG-15,Generator,504,Slip ring brush wear limit,5.3,Corretiva
993,2025-09-07 10:57:00,2025-09-07 20:39:00,WTG-27,Yaw System,301,Yaw error,9.7,Corretiva
994,2025-09-07 14:23:00,2025-09-07 20:23:00,WTG-24,Converter / Electrical,604,DC link overvoltage,6.0,Preventiva
995,2025-09-07 15:59:00,2025-09-07 20:47:00,WTG-22,Sensors / Weather,804,Ambient temperature out of range,4.8,Corretiva
996,2025-09-07 16:57:00,2025-09-08 02:39:00,WTG-20,Pitch System,205,Blade angle asymmetry limit reached,9.7,Corretiva
997,2025-09-07 17:07:00,2025-09-07 19:07:00,WTG-29,Gearbox (Multiplicador),703,Bearing vibration high,2.0,Corretiva
998,2025-09-08 03:36:00,2025-09-08 09:12:00,WTG-15,Yaw System,301,Yaw error,5.6,Corretiva
999,2025-09-08 04:23:00,2025-09-08 15:11:00,WTG-15,Gearbox (Multiplicador),705,Gear mesh frequency vibration,10.8,Preventiva
1000,2025-09-08 05:47:00,2025-09-08 12:35:00,WTG-17,Sensors / Weather,803,Ice detection on blades,6.8,Corretiva
1001,2025-09-08 17:39:00,2025-09-09 01:39:00,WTG-13,Hydraulic System,403,Hydraulic pump motor overload,8.0,Preventiva
1002,2025-09-08 18:28:00,2025-09-09 05:28:00,WTG-06,Yaw System,301,Yaw error,11.0,Corretiva
1003,2025-09-08 19:54:00,2025-09-09 09:18:00,WTG-02,Converter / Electrical,601,Grid voltage out of limits,13.4,Corretiva
1004,2025-09-08 20:08:00,2025-09-08 21:44:00,WTG-02,Converter / Electrical,602,IGBT overtemperature,1.6,Corretiva
1005,2025-09-08 22:59:00,2025-09-09 18:47:00,WTG-23,Gearbox (Multiplicador),703,Bearing vibration high,19.8,Corretiva
1006,2025-09-09 12:53:00,2025-09-09 19:35:00,WTG-15,Converter / Electrical,605,Grid frequency instability,6.7,Preventiva
1007,2025-09-09 15:36:00,2025-09-10 03:36:00,WTG-11,Pitch System,202,Pitch battery fault,12.0,Preventiva
1008,2025-09-09 16:00:00,2025-09-10 01:48:00,WTG-09,Sensors / Weather,801,Anemometer mismatch,9.8,Corretiva
1009,2025-09-09 18:29:00,2025-09-09 22:59:00,WTG-12,Converter / Electrical,602,IGBT overtemperature,4.5,Preventiva
1010,2025-09-09 20:39:00,2025-09-10 07:27:00,WTG-16,Converter / Electrical,604,DC link overvoltage,10.8,Corretiva
1011,2025-09-09 20:40:00,2025-09-10 06:34:00,WTG-26,Yaw System,301,Yaw error,9.9,Corretiva
1012,2025-09-10 06:55:00,2025-09-10 13:01:00,WTG-29,Converter / Electrical,605,Grid frequency instability,6.1,Corretiva
1013,2025-09-10 07:19:00,2025-09-10 07:49:00,WTG-22,Converter / Electrical,603,Converter communication failure,0.5,Corretiva
1014,2025-09-10 13:50:00,2025-09-10 22:38:00,WTG-28,Converter / Electrical,602,IGBT overtemperature,8.8,Corretiva
1015,2025-09-10 15:31:00,2025-09-11 06:25:00,WTG-02,Sensors / Weather,801,Anemometer mismatch,14.9,Corretiva
1016,2025-09-11 04:45:00,2025-09-11 06:03:00,WTG-23,Generator,503,Bearing temperature high,1.3,Corretiva
1017,2025-09-11 05:18:00,2025-09-11 15:30:00,WTG-26,Converter / Electrical,601,Grid voltage out of limits,10.2,Preventiva
1018,2025-09-11 06:14:00,2025-09-11 11:08:00,WTG-28,Generator,501,High temperature winding,4.9,Preventiva
1019,2025-09-11 08:11:00,2025-09-12 07:59:00,WTG-07,Sensors / Weather,802,Wind vane error,23.8,Corretiva
1020,2025-09-11 09:38:00,2025-09-11 18:26:00,WTG-07,Converter / Electrical,602,IGBT overtemperature,8.8,Preventiva
1021,2025-09-11 11:35:00,2025-09-11 17:05:00,WTG-03,Pitch System,205,Blade angle asymmetry limit reached,5.5,Corretiva
1022,2025-09-11 12:09:00,2025-09-12 06:27:00,WTG-06,Hydraulic System,403,Hydraulic pump motor overload,18.3,Corretiva
1023,2025-09-11 18:41:00,2025-09-12 01:29:00,WTG-03,Pitch System,201,Difference between Pitch angles,6.8,Corretiva
1024,2025-09-11 22:16:00,2025-09-12 08:04:00,WTG-20,Pitch System,205,Blade angle asymmetry limit reached,9.8,Preventiva
1025,2025-09-12 05:33:00,2025-09-13 22:15:00,WTG-19,Sensors / Weather,803,Ice detection on blades,40.7,Corretiva
1026,2025-09-12 05:40:00,2025-09-12 07:52:00,WTG-15,Sensors / Weather,804,Ambient temperature out of range,2.2,Corretiva
1027,2025-09-12 08:36:00,2025-09-12 10:36:00,WTG-12,Gearbox (Multiplicador),701,Low oil pressure,2.0,Corretiva
1028,2025-09-12 08:50:00,2025-09-12 11:38:00,WTG-13,Hydraulic System,402,High hydraulic pressure,2.8,Corretiva
1029,2025-09-13 11:23:00,2025-09-13 18:47:00,WTG-09,Converter / Electrical,602,IGBT overtemperature,7.4,Corretiva
1030,2025-09-14 03:48:00,2025-09-14 06:06:00,WTG-22,Gearbox (Multiplicador),705,Gear mesh frequency vibration,2.3,Corretiva
1031,2025-09-14 05:21:00,2025-09-14 11:39:00,WTG-07,Converter / Electrical,605,Grid frequency instability,6.3,Corretiva
1032,2025-09-14 07:01:00,2025-09-14 15:01:00,WTG-08,Converter / Electrical,605,Grid frequency instability,8.0,Corretiva
1033,2025-09-14 10:21:00,2025-09-16 17:03:00,WTG-18,Sensors / Weather,801,Anemometer mismatch,54.7,Corretiva
1034,2025-09-14 16:17:00,2025-09-15 03:59:00,WTG-14,Gearbox (Multiplicador),705,Gear mesh frequency vibration,11.7,Corretiva
1035,2025-09-14 18:31:00,2025-09-14 22:49:00,WTG-29,Hydraulic System,404,Hydraulic oil low level,4.3,Preventiva
1036,2025-09-14 20:25:00,2025-09-15 03:13:00,WTG-20,Sensors / Weather,804,Ambient temperature out of range,6.8,Corretiva
1037,2025-09-14 21:03:00,2025-09-15 02:57:00,WTG-17,Generator,504,Slip ring brush wear limit,5.9,Corretiva
1038,2025-09-15 03:19:00,2025-09-15 07:25:00,WTG-27,Sensors / Weather,804,Ambient temperature out of range,4.1,Corretiva
1039,2025-09-15 06:15:00,2025-09-15 15:57:00,WTG-16,Yaw System,301,Yaw error,9.7,Preventiva
1040,2025-09-15 10:25:00,2025-09-15 20:43:00,WTG-24,Yaw System,305,Yaw inverter fault,10.3,Preventiva
1041,2025-09-15 11:02:00,2025-09-16 04:14:00,WTG-06,Gearbox (Multiplicador),705,Gear mesh frequency vibration,17.2,Corretiva
1042,2025-09-15 17:35:00,2025-09-16 05:05:00,WTG-21,Hydraulic System,404,Hydraulic oil low level,11.5,Corretiva
1043,2025-09-16 06:26:00,2025-09-16 12:20:00,WTG-05,Yaw System,302,Yaw motor overload,5.9,Preventiva
1044,2025-09-16 08:19:00,2025-09-16 12:07:00,WTG-12,Yaw System,301,Yaw error,3.8,Corretiva
1045,2025-09-16 21:07:00,2025-09-16 23:37:00,WTG-15,Gearbox (Multiplicador),704,Oil filter clogged,2.5,Corretiva
1046,2025-09-17 01:12:00,2025-09-17 10:30:00,WTG-17,Gearbox (Multiplicador),704,Oil filter clogged,9.3,Corretiva
1047,2025-09-17 11:41:00,2025-09-17 17:05:00,WTG-03,Hydraulic System,402,High hydraulic pressure,5.4,Preventiva
1048,2025-09-17 12:04:00,2025-09-17 15:16:00,WTG-06,Gearbox (Multiplicador),702,High oil temperature,3.2,Corretiva
1049,2025-09-17 12:34:00,2025-09-18 06:16:00,WTG-01,Gearbox (Multiplicador),702,High oil temperature,17.7,Corretiva
1050,2025-09-17 14:58:00,2025-09-19 19:04:00,WTG-19,Pitch System,201,Difference between Pitch angles,52.1,Corretiva
1051,2025-09-17 15:35:00,2025-09-17 22:11:00,WTG-01,Yaw System,304,Yaw brake failure,6.6,Corretiva
1052,2025-09-17 20:10:00,2025-09-18 01:28:00,WTG-08,Sensors / Weather,804,Ambient temperature out of range,5.3,Preventiva
1053,2025-09-17 23:51:00,2025-09-18 01:03:00,WTG-07,Yaw System,303,Cable twist limit exceeded,1.2,Corretiva
1054,2025-09-18 05:09:00,2025-09-18 08:15:00,WTG-06,Converter / Electrical,602,IGBT overtemperature,3.1,Corretiva
1055,2025-09-18 09:38:00,2025-09-18 14:02:00,WTG-11,Gearbox (Multiplicador),705,Gear mesh frequency vibration,4.4,Corretiva
1056,2025-09-18 11:50:00,2025-09-18 21:20:00,WTG-08,Sensors / Weather,803,Ice detection on blades,9.5,Preventiva
1057,2025-09-18 13:46:00,2025-09-18 17:52:00,WTG-04,Gearbox (Multiplicador),703,Bearing vibration high,4.1,Corretiva
1058,2025-09-18 14:47:00,2025-09-18 20:17:00,WTG-29,Sensors / Weather,803,Ice detection on blades,5.5,Corretiva
1059,2025-09-18 21:03:00,2025-09-19 08:39:00,WTG-27,Yaw System,301,Yaw error,11.6,Corretiva
1060,2025-09-20 05:04:00,2025-09-21 15:04:00,WTG-08,Converter / Electrical,603,Converter communication failure,34.0,Corretiva
1061,2025-09-20 06:02:00,2025-09-21 03:50:00,WTG-23,Sensors / Weather,802,Wind vane error,21.8,Corretiva
1062,2025-09-20 07:54:00,2025-09-20 09:48:00,WTG-20,Sensors / Weather,801,Anemometer mismatch,1.9,Corretiva
1063,2025-09-20 20:59:00,2025-09-21 04:17:00,WTG-02,Yaw System,304,Yaw brake failure,7.3,Corretiva
1064,2025-09-21 08:13:00,2025-09-21 12:49:00,WTG-30,Generator,505,Generator overspeed,4.6,Preventiva
1065,2025-09-21 12:37:00,2025-09-21 19:13:00,WTG-02,Hydraulic System,402,High hydraulic pressure,6.6,Corretiva
1066,2025-09-21 20:40:00,2025-09-22 01:40:00,WTG-25,Generator,501,High temperature winding,5.0,Corretiva
1067,2025-09-21 23:08:00,2025-09-21 23:56:00,WTG-07,Converter / Electrical,601,Grid voltage out of limits,0.8,Corretiva
1068,2025-09-21 23:37:00,2025-09-22 16:13:00,WTG-23,Hydraulic System,404,Hydraulic oil low level,16.6,Corretiva
1069,2025-09-22 00:40:00,2025-09-22 08:04:00,WTG-01,Generator,503,Bearing temperature high,7.4,Corretiva
1070,2025-09-22 01:14:00,2025-09-22 03:08:00,WTG-08,Pitch System,201,Difference between Pitch angles,1.9,Corretiva
1071,2025-09-22 09:30:00,2025-09-23 01:30:00,WTG-08,Pitch System,203,Pitch motor overtemperature,16.0,Corretiva
1072,2025-09-22 11:33:00,2025-09-22 15:57:00,WTG-23,Sensors / Weather,801,Anemometer mismatch,4.4,Preventiva
1073,2025-09-22 11:36:00,2025-09-23 04:48:00,WTG-29,Generator,505,Generator overspeed,17.2,Corretiva
1074,2025-09-22 18:27:00,2025-09-22 19:39:00,WTG-22,Sensors / Weather,802,Wind vane error,1.2,Corretiva
1075,2025-09-22 19:29:00,2025-09-23 02:05:00,WTG-28,Converter / Electrical,602,IGBT overtemperature,6.6,Corretiva
1076,2025-09-22 20:15:00,2025-09-23 07:51:00,WTG-25,Pitch System,203,Pitch motor overtemperature,11.6,Preventiva
1077,2025-09-22 20:53:00,2025-09-23 06:53:00,WTG-10,Generator,504,Slip ring brush wear limit,10.0,Preventiva
1078,2025-09-22 21:56:00,2025-09-22 23:08:00,WTG-02,Converter / Electrical,603,Converter communication failure,1.2,Corretiva
1079,2025-09-23 09:59:00,2025-09-23 12:11:00,WTG-20,Gearbox (Multiplicador),701,Low oil pressure,2.2,Corretiva
1080,2025-09-23 17:57:00,2025-09-24 02:09:00,WTG-06,Sensors / Weather,802,Wind vane error,8.2,Preventiva
1081,2025-09-24 00:47:00,2025-09-24 15:23:00,WTG-25,Converter / Electrical,601,Grid voltage out of limits,14.6,Corretiva
1082,2025-09-24 05:42:00,2025-09-24 09:18:00,WTG-27,Converter / Electrical,603,Converter communication failure,3.6,Corretiva
1083,2025-09-24 09:26:00,2025-09-24 17:02:00,WTG-05,Sensors / Weather,803,Ice detection on blades,7.6,Corretiva
1084,2025-09-24 14:30:00,2025-09-24 19:54:00,WTG-06,Yaw System,301,Yaw error,5.4,Corretiva
1085,2025-09-24 19:00:00,2025-09-24 21:00:00,WTG-28,Pitch System,204,Pitch position sensor error,2.0,Corretiva
1086,2025-09-24 20:43:00,2025-09-25 06:13:00,WTG-30,Generator,505,Generator overspeed,9.5,Corretiva
1087,2025-09-24 22:09:00,2025-09-25 09:45:00,WTG-21,Pitch System,203,Pitch motor overtemperature,11.6,Preventiva
1088,2025-09-24 23:51:00,2025-09-25 04:09:00,WTG-08,Gearbox (Multiplicador),704,Oil filter clogged,4.3,Corretiva
1089,2025-09-25 04:10:00,2025-09-25 12:16:00,WTG-27,Converter / Electrical,603,Converter communication failure,8.1,Corretiva
1090,2025-09-25 06:28:00,2025-09-25 15:52:00,WTG-09,Gearbox (Multiplicador),704,Oil filter clogged,9.4,Corretiva
1091,2025-09-25 09:34:00,2025-09-26 03:58:00,WTG-19,Hydraulic System,402,High hydraulic pressure,18.4,Corretiva
1092,2025-09-25 17:38:00,2025-09-25 23:02:00,WTG-07,Yaw System,304,Yaw brake failure,5.4,Corretiva
1093,2025-09-25 18:03:00,2025-09-25 21:57:00,WTG-27,Converter / Electrical,602,IGBT overtemperature,3.9,Corretiva
1094,2025-09-25 21:15:00,2025-09-26 03:09:00,WTG-25,Pitch System,201,Difference between Pitch angles,5.9,Corretiva
1095,2025-09-26 08:18:00,2025-09-26 11:24:00,WTG-18,Gearbox (Multiplicador),703,Bearing vibration high,3.1,Corretiva
1096,2025-09-26 13:37:00,2025-09-26 22:01:00,WTG-27,Pitch System,203,Pitch motor overtemperature,8.4,Corretiva
1097,2025-09-26 19:14:00,2025-09-27 05:20:00,WTG-11,Converter / Electrical,602,IGBT overtemperature,10.1,Preventiva
1098,2025-09-26 20:48:00,2025-09-27 06:42:00,WTG-23,Hydraulic System,405,Valve switching failure,9.9,Corretiva
1099,2025-09-27 10:32:00,2025-09-27 23:26:00,WTG-12,Hydraulic System,405,Valve switching failure,12.9,Corretiva
1100,2025-09-27 17:40:00,2025-09-28 10:40:00,WTG-16,Gearbox (Multiplicador),703,Bearing vibration high,17.0,Corretiva
1101,2025-09-28 01:25:00,2025-09-28 09:49:00,WTG-18,Sensors / Weather,802,Wind vane error,8.4,Preventiva
1102,2025-09-28 01:59:00,2025-09-28 07:35:00,WTG-05,Pitch System,203,Pitch motor overtemperature,5.6,Corretiva
1103,2025-09-28 02:49:00,2025-09-28 05:01:00,WTG-02,Sensors / Weather,804,Ambient temperature out of range,2.2,Corretiva
1104,2025-09-28 05:49:00,2025-09-30 02:01:00,WTG-08,Yaw System,303,Cable twist limit exceeded,44.2,Corretiva
1105,2025-09-28 07:21:00,2025-09-29 09:03:00,WTG-24,Sensors / Weather,803,Ice detection on blades,25.7,Corretiva
1106,2025-09-28 09:28:00,2025-09-28 15:04:00,WTG-05,Yaw System,304,Yaw brake failure,5.6,Preventiva
1107,2025-09-28 11:25:00,2025-09-28 18:07:00,WTG-21,Yaw System,303,Cable twist limit exceeded,6.7,Preventiva
1108,2025-09-28 17:34:00,2025-09-29 05:22:00,WTG-02,Gearbox (Multiplicador),704,Oil filter clogged,11.8,Corretiva
1109,2025-09-28 21:55:00,2025-09-29 02:01:00,WTG-22,Generator,503,Bearing temperature high,4.1,Corretiva
1110,2025-09-29 01:07:00,2025-09-29 05:55:00,WTG-13,Gearbox (Multiplicador),704,Oil filter clogged,4.8,Corretiva
1111,2025-09-29 10:18:00,2025-09-29 18:24:00,WTG-26,Converter / Electrical,604,DC link overvoltage,8.1,Corretiva
1112,2025-09-29 13:45:00,2025-09-29 18:33:00,WTG-06,Pitch System,203,Pitch motor overtemperature,4.8,Preventiva
1113,2025-09-29 16:15:00,2025-09-30 14:45:00,WTG-10,Yaw System,304,Yaw brake failure,22.5,Corretiva
1114,2025-09-29 22:21:00,2025-09-30 02:45:00,WTG-04,Sensors / Weather,804,Ambient temperature out of range,4.4,Corretiva
1115,2025-09-30 01:35:00,2025-09-30 10:47:00,WTG-23,Hydraulic System,405,Valve switching failure,9.2,Preventiva
1116,2025-09-30 02:15:00,2025-09-30 03:39:00,WTG-17,Pitch System,201,Difference between Pitch angles,1.4,Corretiva
1117,2025-09-30 15:48:00,2025-10-01 03:42:00,WTG-26,Sensors / Weather,803,Ice detection on blades,11.9,Corretiva
1118,2025-09-30 18:44:00,2025-09-30 20:02:00,WTG-07,Pitch System,202,Pitch battery fault,1.3,Corretiva
1119,2025-09-30 22:18:00,2025-10-01 08:18:00,WTG-22,Yaw System,302,Yaw motor overload,10.0,Corretiva
1120,2025-10-01 02:43:00,2025-10-02 07:25:00,WTG-21,Sensors / Weather,802,Wind vane error,28.7,Corretiva
1121,2025-10-01 17:05:00,2025-10-01 19:11:00,WTG-17,Generator,503,Bearing temperature high,2.1,Corretiva
1122,2025-10-02 06:15:00,2025-10-02 14:45:00,WTG-10,Converter / Electrical,602,IGBT overtemperature,8.5,Corretiva
1123,2025-10-02 15:02:00,2025-10-02 16:14:00,WTG-26,Yaw System,302,Yaw motor overload,1.2,Corretiva
1124,2025-10-03 09:39:00,2025-10-03 13:03:00,WTG-09,Converter / Electrical,602,IGBT overtemperature,3.4,Corretiva
1125,2025-10-03 17:57:00,2025-10-03 19:45:00,WTG-29,Gearbox (Multiplicador),701,Low oil pressure,1.8,Corretiva
1126,2025-10-03 21:54:00,2025-10-04 02:54:00,WTG-28,Gearbox (Multiplicador),703,Bearing vibration high,5.0,Corretiva
1127,2025-10-04 04:24:00,2025-10-04 04:54:00,WTG-16,Hydraulic System,405,Valve switching failure,0.5,Corretiva
1128,2025-10-04 14:10:00,2025-10-06 04:40:00,WTG-11,Generator,503,Bearing temperature high,38.5,Corretiva
1129,2025-10-04 14:34:00,2025-10-05 18:40:00,WTG-04,Pitch System,201,Difference between Pitch angles,28.1,Corretiva
1130,2025-10-04 14:39:00,2025-10-04 18:51:00,WTG-06,Gearbox (Multiplicador),701,Low oil pressure,4.2,Corretiva
1131,2025-10-04 14:45:00,2025-10-04 18:57:00,WTG-20,Generator,502,Generator cooling failure,4.2,Corretiva
1132,2025-10-04 20:44:00,2025-10-05 10:56:00,WTG-07,Pitch System,201,Difference between Pitch angles,14.2,Corretiva
1133,2025-10-04 21:55:00,2025-10-05 14:31:00,WTG-01,Sensors / Weather,802,Wind vane error,16.6,Corretiva
1134,2025-10-05 02:10:00,2025-10-05 05:28:00,WTG-02,Sensors / Weather,804,Ambient temperature out of range,3.3,Corretiva
1135,2025-10-05 05:26:00,2025-10-05 19:38:00,WTG-12,Gearbox (Multiplicador),705,Gear mesh frequency vibration,14.2,Corretiva
1136,2025-10-05 10:03:00,2025-10-05 12:09:00,WTG-05,Converter / Electrical,605,Grid frequency instability,2.1,Corretiva
1137,2025-10-05 10:37:00,2025-10-05 19:55:00,WTG-07,Pitch System,205,Blade angle asymmetry limit reached,9.3,Corretiva
1138,2025-10-05 14:31:00,2025-10-05 18:49:00,WTG-13,Gearbox (Multiplicador),701,Low oil pressure,4.3,Corretiva
1139,2025-10-05 17:09:00,2025-10-06 00:57:00,WTG-02,Generator,504,Slip ring brush wear limit,7.8,Preventiva
1140,2025-10-05 18:24:00,2025-10-06 06:12:00,WTG-23,Generator,504,Slip ring brush wear limit,11.8,Preventiva
1141,2025-10-05 20:28:00,2025-10-05 22:16:00,WTG-11,Yaw System,305,Yaw inverter fault,1.8,Corretiva
1142,2025-10-06 00:58:00,2025-10-06 05:28:00,WTG-20,Hydraulic System,405,Valve switching failure,4.5,Corretiva
1143,2025-10-06 08:11:00,2025-10-06 19:17:00,WTG-05,Gearbox (Multiplicador),704,Oil filter clogged,11.1,Preventiva
1144,2025-10-06 08:35:00,2025-10-06 12:35:00,WTG-02,Hydraulic System,404,Hydraulic oil low level,4.0,Corretiva
1145,2025-10-06 13:02:00,2025-10-06 14:56:00,WTG-30,Gearbox (Multiplicador),705,Gear mesh frequency vibration,1.9,Corretiva
1146,2025-10-06 21:50:00,2025-10-07 17:38:00,WTG-03,Hydraulic System,402,High hydraulic pressure,19.8,Corretiva
1147,2025-10-07 06:19:00,2025-10-08 02:43:00,WTG-11,Converter / Electrical,605,Grid frequency instability,20.4,Corretiva
1148,2025-10-07 07:09:00,2025-10-07 18:39:00,WTG-20,Generator,502,Generator cooling failure,11.5,Preventiva
1149,2025-10-07 18:38:00,2025-10-08 03:02:00,WTG-01,Yaw System,305,Yaw inverter fault,8.4,Preventiva
1150,2025-10-07 18:48:00,2025-10-07 20:42:00,WTG-20,Gearbox (Multiplicador),705,Gear mesh frequency vibration,1.9,Corretiva
1151,2025-10-09 19:10:00,2025-10-10 00:10:00,WTG-20,Generator,504,Slip ring brush wear limit,5.0,Corretiva
1152,2025-10-09 19:53:00,2025-10-09 21:35:00,WTG-25,Pitch System,202,Pitch battery fault,1.7,Corretiva
1153,2025-10-09 22:27:00,2025-10-10 07:57:00,WTG-02,Gearbox (Multiplicador),701,Low oil pressure,9.5,Corretiva
1154,2025-10-10 01:04:00,2025-10-10 02:16:00,WTG-22,Yaw System,302,Yaw motor overload,1.2,Corretiva
1155,2025-10-10 08:57:00,2025-10-10 16:09:00,WTG-22,Yaw System,303,Cable twist limit exceeded,7.2,Corretiva
1156,2025-10-10 22:38:00,2025-10-11 01:32:00,WTG-11,Hydraulic System,405,Valve switching failure,2.9,Corretiva
1157,2025-10-11 12:13:00,2025-10-12 06:07:00,WTG-14,Hydraulic System,404,Hydraulic oil low level,17.9,Corretiva
1158,2025-10-11 17:57:00,2025-10-11 21:21:00,WTG-23,Gearbox (Multiplicador),702,High oil temperature,3.4,Corretiva
1159,2025-10-12 02:42:00,2025-10-12 09:30:00,WTG-15,Pitch System,203,Pitch motor overtemperature,6.8,Corretiva
1160,2025-10-12 06:36:00,2025-10-12 10:54:00,WTG-23,Pitch System,201,Difference between Pitch angles,4.3,Corretiva
1161,2025-10-13 06:23:00,2025-10-13 07:23:00,WTG-10,Converter / Electrical,603,Converter communication failure,1.0,Corretiva
1162,2025-10-13 16:01:00,2025-10-14 08:31:00,WTG-25,Pitch System,205,Blade angle asymmetry limit reached,16.5,Corretiva
1163,2025-10-13 16:57:00,2025-10-14 04:09:00,WTG-23,Sensors / Weather,801,Anemometer mismatch,11.2,Corretiva
1164,2025-10-14 04:59:00,2025-10-14 14:41:00,WTG-21,Sensors / Weather,804,Ambient temperature out of range,9.7,Preventiva
1165,2025-10-14 13:30:00,2025-10-15 08:24:00,WTG-18,Converter / Electrical,601,Grid voltage out of limits,18.9,Corretiva
1166,2025-10-14 19:23:00,2025-10-15 11:11:00,WTG-23,Converter / Electrical,602,IGBT overtemperature,15.8,Corretiva
1167,2025-10-15 09:58:00,2025-10-15 13:04:00,WTG-15,Generator,504,Slip ring brush wear limit,3.1,Corretiva
1168,2025-10-15 11:48:00,2025-10-15 14:42:00,WTG-14,Gearbox (Multiplicador),704,Oil filter clogged,2.9,Corretiva
1169,2025-10-15 13:07:00,2025-10-15 17:37:00,WTG-14,Hydraulic System,404,Hydraulic oil low level,4.5,Corretiva
1170,2025-10-15 14:02:00,2025-10-15 18:26:00,WTG-28,Hydraulic System,403,Hydraulic pump motor overload,4.4,Corretiva
1171,2025-10-16 00:38:00,2025-10-16 09:44:00,WTG-22,Gearbox (Multiplicador),704,Oil filter clogged,9.1,Corretiva
1172,2025-10-16 03:30:00,2025-10-16 20:42:00,WTG-02,Generator,503,Bearing temperature high,17.2,Corretiva
1173,2025-10-16 08:36:00,2025-10-16 15:42:00,WTG-18,Pitch System,204,Pitch position sensor error,7.1,Corretiva
1174,2025-10-16 11:18:00,2025-10-16 20:42:00,WTG-10,Gearbox (Multiplicador),702,High oil temperature,9.4,Preventiva
1175,2025-10-16 12:31:00,2025-10-16 17:55:00,WTG-25,Converter / Electrical,603,Converter communication failure,5.4,Corretiva
1176,2025-10-16 14:05:00,2025-10-16 18:41:00,WTG-22,Generator,504,Slip ring brush wear limit,4.6,Corretiva
1177,2025-10-16 23:40:00,2025-10-17 03:46:00,WTG-25,Hydraulic System,403,Hydraulic pump motor overload,4.1,Preventiva
1178,2025-10-17 06:39:00,2025-10-17 21:15:00,WTG-15,Hydraulic System,403,Hydraulic pump motor overload,14.6,Corretiva
1179,2025-10-17 08:46:00,2025-10-17 10:22:00,WTG-04,Pitch System,202,Pitch battery fault,1.6,Corretiva
1180,2025-10-17 22:23:00,2025-10-19 01:53:00,WTG-14,Hydraulic System,401,Low hydraulic pressure,27.5,Corretiva
1181,2025-10-18 00:47:00,2025-10-18 02:11:00,WTG-03,Sensors / Weather,801,Anemometer mismatch,1.4,Corretiva
1182,2025-10-18 04:38:00,2025-10-19 09:02:00,WTG-01,Yaw System,302,Yaw motor overload,28.4,Corretiva
1183,2025-10-18 11:17:00,2025-10-18 22:05:00,WTG-15,Converter / Electrical,603,Converter communication failure,10.8,Preventiva
1184,2025-10-18 12:10:00,2025-10-18 23:10:00,WTG-26,Converter / Electrical,602,IGBT overtemperature,11.0,Preventiva
1185,2025-10-19 05:23:00,2025-10-19 10:29:00,WTG-28,Converter / Electrical,605,Grid frequency instability,5.1,Preventiva
1186,2025-10-19 18:14:00,2025-10-20 20:26:00,WTG-08,Yaw System,301,Yaw error,26.2,Corretiva
1187,2025-10-19 20:53:00,2025-10-20 05:35:00,WTG-28,Converter / Electrical,602,IGBT overtemperature,8.7,Preventiva
1188,2025-10-20 08:09:00,2025-10-21 03:27:00,WTG-27,Hydraulic System,404,Hydraulic oil low level,19.3,Corretiva
1189,2025-10-21 01:17:00,2025-10-21 08:05:00,WTG-29,Hydraulic System,403,Hydraulic pump motor overload,6.8,Corretiva
1190,2025-10-21 05:57:00,2025-10-21 08:39:00,WTG-02,Gearbox (Multiplicador),702,High oil temperature,2.7,Corretiva
1191,2025-10-21 16:53:00,2025-10-22 13:35:00,WTG-04,Pitch System,203,Pitch motor overtemperature,20.7,Corretiva
1192,2025-10-22 02:23:00,2025-10-22 04:35:00,WTG-26,Pitch System,205,Blade angle asymmetry limit reached,2.2,Corretiva
1193,2025-10-22 02:57:00,2025-10-22 09:57:00,WTG-12,Generator,503,Bearing temperature high,7.0,Corretiva
1194,2025-10-22 09:30:00,2025-10-22 18:54:00,WTG-17,Sensors / Weather,802,Wind vane error,9.4,Preventiva
1195,2025-10-22 10:06:00,2025-10-22 15:12:00,WTG-23,Converter / Electrical,602,IGBT overtemperature,5.1,Corretiva
1196,2025-10-22 11:45:00,2025-10-22 20:03:00,WTG-02,Hydraulic System,405,Valve switching failure,8.3,Preventiva
1197,2025-10-22 18:22:00,2025-10-22 21:40:00,WTG-24,Hydraulic System,405,Valve switching failure,3.3,Corretiva
1198,2025-10-22 20:57:00,2025-10-24 00:03:00,WTG-07,Generator,502,Generator cooling failure,27.1,Corretiva
1199,2025-10-23 00:47:00,2025-10-23 16:59:00,WTG-30,Gearbox (Multiplicador),702,High oil temperature,16.2,Corretiva
1200,2025-10-23 13:09:00,2025-10-24 00:33:00,WTG-16,Hydraulic System,401,Low hydraulic pressure,11.4,Preventiva
1201,2025-10-23 13:12:00,2025-10-23 19:18:00,WTG-17,Yaw System,303,Cable twist limit exceeded,6.1,Preventiva
1202,2025-10-23 17:11:00,2025-10-23 21:17:00,WTG-14,Converter / Electrical,603,Converter communication failure,4.1,Preventiva
1203,2025-10-23 17:17:00,2025-10-23 23:41:00,WTG-05,Pitch System,202,Pitch battery fault,6.4,Corretiva
1204,2025-10-23 23:00:00,2025-10-24 07:42:00,WTG-20,Gearbox (Multiplicador),701,Low oil pressure,8.7,Corretiva
1205,2025-10-24 06:33:00,2025-10-24 16:09:00,WTG-25,Gearbox (Multiplicador),705,Gear mesh frequency vibration,9.6,Preventiva
1206,2025-10-24 06:48:00,2025-10-24 07:24:00,WTG-09,Hydraulic System,403,Hydraulic pump motor overload,0.6,Corretiva
1207,2025-10-24 13:15:00,2025-10-24 15:45:00,WTG-07,Yaw System,301,Yaw error,2.5,Corretiva
1208,2025-10-25 11:34:00,2025-10-25 21:10:00,WTG-27,Generator,502,Generator cooling failure,9.6,Preventiva
1209,2025-10-25 14:00:00,2025-10-25 19:48:00,WTG-30,Generator,505,Generator overspeed,5.8,Corretiva
1210,2025-10-25 16:50:00,2025-10-25 19:20:00,WTG-24,Pitch System,203,Pitch motor overtemperature,2.5,Corretiva
1211,2025-10-25 17:17:00,2025-10-25 22:47:00,WTG-10,Pitch System,202,Pitch battery fault,5.5,Corretiva
1212,2025-10-25 17:20:00,2025-10-26 05:38:00,WTG-03,Gearbox (Multiplicador),702,High oil temperature,12.3,Corretiva
1213,2025-10-26 05:50:00,2025-10-26 09:02:00,WTG-10,Hydraulic System,403,Hydraulic pump motor overload,3.2,Corretiva
1214,2025-10-26 11:33:00,2025-10-27 04:39:00,WTG-17,Gearbox (Multiplicador),704,Oil filter clogged,17.1,Corretiva
1215,2025-10-26 12:00:00,2025-10-26 19:42:00,WTG-11,Yaw System,301,Yaw error,7.7,Corretiva
1216,2025-10-26 14:28:00,2025-10-26 19:58:00,WTG-21,Yaw System,301,Yaw error,5.5,Preventiva
1217,2025-10-27 03:30:00,2025-10-27 08:18:00,WTG-25,Yaw System,303,Cable twist limit exceeded,4.8,Preventiva
1218,2025-10-27 07:20:00,2025-10-27 14:50:00,WTG-30,Yaw System,301,Yaw error,7.5,Preventiva
1219,2025-10-27 12:29:00,2025-10-27 20:11:00,WTG-10,Hydraulic System,401,Low hydraulic pressure,7.7,Preventiva
1220,2025-10-27 13:27:00,2025-10-27 14:57:00,WTG-17,Gearbox (Multiplicador),702,High oil temperature,1.5,Corretiva
1221,2025-10-28 00:10:00,2025-10-28 01:22:00,WTG-10,Pitch System,205,Blade angle asymmetry limit reached,1.2,Corretiva
1222,2025-10-28 06:18:00,2025-10-28 08:18:00,WTG-02,Sensors / Weather,802,Wind vane error,2.0,Corretiva
1223,2025-10-28 09:20:00,2025-10-28 12:38:00,WTG-10,Sensors / Weather,801,Anemometer mismatch,3.3,Corretiva
1224,2025-10-28 09:21:00,2025-10-28 22:57:00,WTG-03,Gearbox (Multiplicador),705,Gear mesh frequency vibration,13.6,Corretiva
1225,2025-10-28 18:05:00,2025-10-29 14:29:00,WTG-09,Yaw System,303,Cable twist limit exceeded,20.4,Corretiva
1226,2025-10-28 22:07:00,2025-10-31 00:07:00,WTG-23,Converter / Electrical,602,IGBT overtemperature,50.0,Corretiva
1227,2025-10-29 12:36:00,2025-10-29 16:30:00,WTG-08,Sensors / Weather,801,Anemometer mismatch,3.9,Corretiva
1228,2025-10-29 13:55:00,2025-10-29 17:37:00,WTG-05,Yaw System,304,Yaw brake failure,3.7,Corretiva
1229,2025-10-29 16:33:00,2025-10-29 20:21:00,WTG-17,Yaw System,303,Cable twist limit exceeded,3.8,Corretiva
1230,2025-10-29 18:50:00,2025-10-29 20:38:00,WTG-05,Converter / Electrical,605,Grid frequency instability,1.8,Corretiva
1231,2025-10-29 21:23:00,2025-10-30 06:47:00,WTG-07,Pitch System,202,Pitch battery fault,9.4,Corretiva
1232,2025-10-30 07:06:00,2025-10-30 16:48:00,WTG-16,Yaw System,301,Yaw error,9.7,Preventiva
1233,2025-10-30 21:13:00,2025-10-31 13:31:00,WTG-12,Sensors / Weather,802,Wind vane error,16.3,Corretiva
1234,2025-10-30 21:35:00,2025-10-31 00:53:00,WTG-13,Sensors / Weather,802,Wind vane error,3.3,Corretiva
1235,2025-10-31 06:00:00,2025-10-31 22:12:00,WTG-26,Yaw System,303,Cable twist limit exceeded,16.2,Corretiva
1236,2025-10-31 07:07:00,2025-10-31 18:07:00,WTG-23,Yaw System,302,Yaw motor overload,11.0,Corretiva
1237,2025-10-31 11:29:00,2025-10-31 18:17:00,WTG-13,Pitch System,205,Blade angle asymmetry limit reached,6.8,Preventiva
1238,2025-10-31 12:41:00,2025-10-31 15:35:00,WTG-19,Hydraulic System,403,Hydraulic pump motor overload,2.9,Corretiva
1239,2025-10-31 14:10:00,2025-11-01 11:52:00,WTG-08,Gearbox (Multiplicador),705,Gear mesh frequency vibration,21.7,Corretiva
1240,2025-11-01 07:54:00,2025-11-01 09:42:00,WTG-17,Gearbox (Multiplicador),701,Low oil pressure,1.8,Corretiva
1241,2025-11-01 14:18:00,2025-11-02 02:06:00,WTG-03,Sensors / Weather,801,Anemometer mismatch,11.8,Corretiva
1242,2025-11-01 15:30:00,2025-11-02 08:48:00,WTG-12,Gearbox (Multiplicador),704,Oil filter clogged,17.3,Corretiva
1243,2025-11-01 15:44:00,2025-11-01 19:38:00,WTG-29,Converter / Electrical,601,Grid voltage out of limits,3.9,Corretiva
1244,2025-11-01 18:05:00,2025-11-01 19:59:00,WTG-25,Pitch System,202,Pitch battery fault,1.9,Corretiva
1245,2025-11-01 18:33:00,2025-11-02 00:27:00,WTG-08,Gearbox (Multiplicador),705,Gear mesh frequency vibration,5.9,Corretiva
1246,2025-11-01 21:54:00,2025-11-02 04:42:00,WTG-29,Yaw System,304,Yaw brake failure,6.8,Preventiva
1247,2025-11-02 05:49:00,2025-11-02 11:25:00,WTG-25,Sensors / Weather,804,Ambient temperature out of range,5.6,Preventiva
1248,2025-11-02 14:29:00,2025-11-03 13:11:00,WTG-28,Hydraulic System,401,Low hydraulic pressure,22.7,Corretiva
1249,2025-11-03 05:54:00,2025-11-03 16:42:00,WTG-05,Yaw System,305,Yaw inverter fault,10.8,Preventiva
1250,2025-11-04 06:02:00,2025-11-04 12:56:00,WTG-19,Converter / Electrical,602,IGBT overtemperature,6.9,Corretiva
1251,2025-11-04 07:10:00,2025-11-04 09:52:00,WTG-09,Generator,502,Generator cooling failure,2.7,Corretiva
1252,2025-11-04 16:11:00,2025-11-04 21:11:00,WTG-28,Sensors / Weather,801,Anemometer mismatch,5.0,Corretiva
1253,2025-11-05 11:36:00,2025-11-05 14:18:00,WTG-29,Hydraulic System,404,Hydraulic oil low level,2.7,Corretiva
1254,2025-11-05 16:56:00,2025-11-05 17:44:00,WTG-08,Gearbox (Multiplicador),701,Low oil pressure,0.8,Corretiva
1255,2025-11-06 05:01:00,2025-11-06 12:31:00,WTG-06,Pitch System,203,Pitch motor overtemperature,7.5,Corretiva
1256,2025-11-06 07:43:00,2025-11-06 08:43:00,WTG-03,Generator,504,Slip ring brush wear limit,1.0,Corretiva
1257,2025-11-06 08:30:00,2025-11-07 00:54:00,WTG-26,Pitch System,201,Difference between Pitch angles,16.4,Corretiva
1258,2025-11-06 17:20:00,2025-11-07 04:56:00,WTG-25,Hydraulic System,401,Low hydraulic pressure,11.6,Corretiva
1259,2025-11-06 21:24:00,2025-11-06 21:54:00,WTG-03,Converter / Electrical,604,DC link overvoltage,0.5,Corretiva
1260,2025-11-06 23:56:00,2025-11-07 13:26:00,WTG-07,Hydraulic System,405,Valve switching failure,13.5,Corretiva
1261,2025-11-07 04:19:00,2025-11-07 14:49:00,WTG-04,Pitch System,202,Pitch battery fault,10.5,Corretiva
1262,2025-11-07 07:25:00,2025-11-07 14:49:00,WTG-21,Pitch System,204,Pitch position sensor error,7.4,Corretiva
1263,2025-11-07 09:03:00,2025-11-07 17:21:00,WTG-19,Pitch System,203,Pitch motor overtemperature,8.3,Corretiva
1264,2025-11-07 14:39:00,2025-11-08 01:15:00,WTG-13,Converter / Electrical,602,IGBT overtemperature,10.6,Preventiva
1265,2025-11-08 02:10:00,2025-11-08 04:58:00,WTG-04,Gearbox (Multiplicador),704,Oil filter clogged,2.8,Corretiva
1266,2025-11-08 08:30:00,2025-11-08 20:12:00,WTG-16,Hydraulic System,402,High hydraulic pressure,11.7,Corretiva
1267,2025-11-08 08:36:00,2025-11-08 11:12:00,WTG-22,Generator,504,Slip ring brush wear limit,2.6,Corretiva
1268,2025-11-08 13:07:00,2025-11-08 17:49:00,WTG-17,Converter / Electrical,601,Grid voltage out of limits,4.7,Corretiva
1269,2025-11-08 20:03:00,2025-11-09 11:09:00,WTG-02,Pitch System,204,Pitch position sensor error,15.1,Corretiva
1270,2025-11-08 20:27:00,2025-11-09 04:57:00,WTG-29,Sensors / Weather,801,Anemometer mismatch,8.5,Preventiva
1271,2025-11-08 22:49:00,2025-11-08 23:19:00,WTG-25,Gearbox (Multiplicador),704,Oil filter clogged,0.5,Corretiva
1272,2025-11-08 23:37:00,2025-11-09 10:07:00,WTG-12,Generator,503,Bearing temperature high,10.5,Preventiva
1273,2025-11-09 02:51:00,2025-11-09 03:45:00,WTG-09,Yaw System,304,Yaw brake failure,0.9,Corretiva
1274,2025-11-09 19:43:00,2025-11-10 01:13:00,WTG-15,Hydraulic System,401,Low hydraulic pressure,5.5,Corretiva
1275,2025-11-09 21:22:00,2025-11-10 04:22:00,WTG-25,Generator,503,Bearing temperature high,7.0,Corretiva
1276,2025-11-09 21:40:00,2025-11-10 17:40:00,WTG-15,Converter / Electrical,601,Grid voltage out of limits,20.0,Corretiva
1277,2025-11-10 01:46:00,2025-11-10 07:16:00,WTG-18,Generator,501,High temperature winding,5.5,Corretiva
1278,2025-11-10 02:20:00,2025-11-10 05:20:00,WTG-19,Yaw System,305,Yaw inverter fault,3.0,Corretiva
1279,2025-11-10 04:21:00,2025-11-10 15:39:00,WTG-27,Hydraulic System,405,Valve switching failure,11.3,Preventiva
1280,2025-11-10 06:25:00,2025-11-10 06:55:00,WTG-04,Pitch System,202,Pitch battery fault,0.5,Corretiva
1281,2025-11-10 07:16:00,2025-11-12 04:34:00,WTG-11,Pitch System,204,Pitch position sensor error,45.3,Corretiva
1282,2025-11-10 19:04:00,2025-11-10 22:22:00,WTG-29,Pitch System,201,Difference between Pitch angles,3.3,Corretiva
1283,2025-11-11 03:38:00,2025-11-11 06:02:00,WTG-02,Yaw System,303,Cable twist limit exceeded,2.4,Corretiva
1284,2025-11-11 10:19:00,2025-11-12 07:31:00,WTG-04,Sensors / Weather,803,Ice detection on blades,21.2,Corretiva
1285,2025-11-11 13:08:00,2025-11-11 19:50:00,WTG-03,Generator,503,Bearing temperature high,6.7,Corretiva
1286,2025-11-11 19:35:00,2025-11-11 20:41:00,WTG-13,Converter / Electrical,602,IGBT overtemperature,1.1,Corretiva
1287,2025-11-12 06:44:00,2025-11-12 09:26:00,WTG-23,Generator,502,Generator cooling failure,2.7,Corretiva
1288,2025-11-12 18:27:00,2025-11-12 23:03:00,WTG-21,Hydraulic System,402,High hydraulic pressure,4.6,Preventiva
1289,2025-11-13 12:08:00,2025-11-13 20:56:00,WTG-23,Generator,505,Generator overspeed,8.8,Preventiva
1290,2025-11-13 14:50:00,2025-11-13 20:56:00,WTG-07,Sensors / Weather,801,Anemometer mismatch,6.1,Corretiva
1291,2025-11-13 16:30:00,2025-11-13 18:12:00,WTG-16,Generator,503,Bearing temperature high,1.7,Corretiva
1292,2025-11-13 22:36:00,2025-11-14 07:00:00,WTG-06,Hydraulic System,404,Hydraulic oil low level,8.4,Corretiva
1293,2025-11-14 06:17:00,2025-11-14 09:41:00,WTG-27,Converter / Electrical,601,Grid voltage out of limits,3.4,Corretiva
1294,2025-11-14 10:24:00,2025-11-15 02:36:00,WTG-17,Generator,504,Slip ring brush wear limit,16.2,Corretiva
1295,2025-11-14 16:22:00,2025-11-14 22:04:00,WTG-17,Gearbox (Multiplicador),705,Gear mesh frequency vibration,5.7,Corretiva
1296,2025-11-14 17:13:00,2025-11-14 22:07:00,WTG-20,Pitch System,201,Difference between Pitch angles,4.9,Corretiva
1297,2025-11-14 18:43:00,2025-11-15 00:49:00,WTG-17,Gearbox (Multiplicador),703,Bearing vibration high,6.1,Corretiva
1298,2025-11-14 22:40:00,2025-11-15 09:52:00,WTG-02,Sensors / Weather,803,Ice detection on blades,11.2,Corretiva
1299,2025-11-15 02:16:00,2025-11-15 08:04:00,WTG-03,Gearbox (Multiplicador),703,Bearing vibration high,5.8,Corretiva
1300,2025-11-15 05:52:00,2025-11-15 14:22:00,WTG-23,Gearbox (Multiplicador),701,Low oil pressure,8.5,Corretiva
1301,2025-11-16 00:46:00,2025-11-16 07:28:00,WTG-22,Yaw System,302,Yaw motor overload,6.7,Corretiva
1302,2025-11-16 01:53:00,2025-11-16 04:35:00,WTG-17,Generator,504,Slip ring brush wear limit,2.7,Corretiva
1303,2025-11-16 04:14:00,2025-11-16 14:38:00,WTG-15,Hydraulic System,403,Hydraulic pump motor overload,10.4,Corretiva
1304,2025-11-16 05:06:00,2025-11-16 07:00:00,WTG-22,Generator,503,Bearing temperature high,1.9,Corretiva
1305,2025-11-16 11:30:00,2025-11-16 21:36:00,WTG-01,Gearbox (Multiplicador),701,Low oil pressure,10.1,Corretiva
1306,2025-11-16 19:47:00,2025-11-17 09:59:00,WTG-05,Gearbox (Multiplicador),703,Bearing vibration high,14.2,Corretiva
1307,2025-11-17 03:59:00,2025-11-17 11:35:00,WTG-03,Generator,501,High temperature winding,7.6,Corretiva
1308,2025-11-17 10:52:00,2025-11-17 18:52:00,WTG-22,Generator,503,Bearing temperature high,8.0,Corretiva
1309,2025-11-17 16:24:00,2025-11-17 22:48:00,WTG-04,Generator,501,High temperature winding,6.4,Corretiva
1310,2025-11-17 18:39:00,2025-11-17 23:45:00,WTG-30,Generator,502,Generator cooling failure,5.1,Preventiva
1311,2025-11-17 21:41:00,2025-11-18 13:47:00,WTG-16,Generator,501,High temperature winding,16.1,Corretiva
1312,2025-11-17 22:12:00,2025-11-18 00:48:00,WTG-19,Sensors / Weather,803,Ice detection on blades,2.6,Corretiva
1313,2025-11-17 22:16:00,2025-11-18 06:52:00,WTG-21,Yaw System,304,Yaw brake failure,8.6,Corretiva
1314,2025-11-18 00:47:00,2025-11-18 01:41:00,WTG-03,Generator,502,Generator cooling failure,0.9,Corretiva
1315,2025-11-18 03:54:00,2025-11-18 06:06:00,WTG-12,Pitch System,202,Pitch battery fault,2.2,Corretiva
1316,2025-11-18 05:09:00,2025-11-18 10:39:00,WTG-27,Hydraulic System,401,Low hydraulic pressure,5.5,Corretiva
1317,2025-11-18 06:33:00,2025-11-18 09:57:00,WTG-09,Sensors / Weather,801,Anemometer mismatch,3.4,Corretiva
1318,2025-11-18 10:09:00,2025-11-18 13:27:00,WTG-02,Gearbox (Multiplicador),703,Bearing vibration high,3.3,Corretiva
1319,2025-11-18 14:18:00,2025-11-18 19:24:00,WTG-04,Hydraulic System,401,Low hydraulic pressure,5.1,Corretiva
1320,2025-11-18 20:00:00,2025-11-18 20:54:00,WTG-21,Generator,503,Bearing temperature high,0.9,Corretiva
1321,2025-11-19 11:59:00,2025-11-20 19:47:00,WTG-07,Gearbox (Multiplicador),703,Bearing vibration high,31.8,Corretiva
1322,2025-11-20 01:34:00,2025-11-20 07:04:00,WTG-25,Pitch System,201,Difference between Pitch angles,5.5,Corretiva
1323,2025-11-20 02:40:00,2025-11-20 07:04:00,WTG-18,Gearbox (Multiplicador),701,Low oil pressure,4.4,Corretiva
1324,2025-11-20 07:55:00,2025-11-20 09:19:00,WTG-23,Generator,504,Slip ring brush wear limit,1.4,Corretiva
1325,2025-11-20 08:17:00,2025-11-21 04:05:00,WTG-08,Pitch System,203,Pitch motor overtemperature,19.8,Corretiva
1326,2025-11-20 10:28:00,2025-11-20 13:34:00,WTG-03,Pitch System,205,Blade angle asymmetry limit reached,3.1,Corretiva
1327,2025-11-20 20:57:00,2025-11-21 11:15:00,WTG-23,Yaw System,305,Yaw inverter fault,14.3,Corretiva
1328,2025-11-20 22:43:00,2025-11-21 02:49:00,WTG-26,Converter / Electrical,601,Grid voltage out of limits,4.1,Corretiva
1329,2025-11-21 00:09:00,2025-11-21 05:27:00,WTG-17,Converter / Electrical,605,Grid frequency instability,5.3,Corretiva
1330,2025-11-21 02:59:00,2025-11-21 09:11:00,WTG-29,Gearbox (Multiplicador),705,Gear mesh frequency vibration,6.2,Corretiva
1331,2025-11-22 04:27:00,2025-11-22 07:09:00,WTG-25,Sensors / Weather,802,Wind vane error,2.7,Corretiva
1332,2025-11-22 07:49:00,2025-11-22 11:19:00,WTG-26,Converter / Electrical,604,DC link overvoltage,3.5,Corretiva
1333,2025-11-22 08:52:00,2025-11-22 11:22:00,WTG-02,Sensors / Weather,804,Ambient temperature out of range,2.5,Corretiva
1334,2025-11-22 15:41:00,2025-11-23 16:05:00,WTG-27,Sensors / Weather,802,Wind vane error,24.4,Corretiva
1335,2025-11-23 08:16:00,2025-11-23 14:46:00,WTG-13,Hydraulic System,403,Hydraulic pump motor overload,6.5,Corretiva
1336,2025-11-23 08:28:00,2025-11-24 02:40:00,WTG-10,Yaw System,301,Yaw error,18.2,Corretiva
1337,2025-11-23 09:48:00,2025-11-23 11:12:00,WTG-24,Converter / Electrical,602,IGBT overtemperature,1.4,Corretiva
1338,2025-11-23 19:35:00,2025-11-23 20:23:00,WTG-10,Pitch System,203,Pitch motor overtemperature,0.8,Corretiva
1339,2025-11-23 21:07:00,2025-11-23 22:19:00,WTG-11,Converter / Electrical,601,Grid voltage out of limits,1.2,Corretiva
1340,2025-11-23 23:05:00,2025-11-24 16:23:00,WTG-28,Hydraulic System,403,Hydraulic pump motor overload,17.3,Corretiva
1341,2025-11-24 01:25:00,2025-11-26 01:07:00,WTG-18,Gearbox (Multiplicador),704,Oil filter clogged,47.7,Corretiva
1342,2025-11-24 02:40:00,2025-11-24 09:10:00,WTG-13,Converter / Electrical,601,Grid voltage out of limits,6.5,Corretiva
1343,2025-11-24 15:03:00,2025-11-25 01:45:00,WTG-20,Yaw System,303,Cable twist limit exceeded,10.7,Preventiva
1344,2025-11-24 16:50:00,2025-11-25 02:20:00,WTG-11,Sensors / Weather,804,Ambient temperature out of range,9.5,Corretiva
1345,2025-11-25 01:34:00,2025-11-25 07:52:00,WTG-18,Pitch System,205,Blade angle asymmetry limit reached,6.3,Preventiva
1346,2025-11-25 05:39:00,2025-11-25 09:15:00,WTG-10,Yaw System,302,Yaw motor overload,3.6,Corretiva
1347,2025-11-25 17:52:00,2025-11-26 02:46:00,WTG-04,Yaw System,303,Cable twist limit exceeded,8.9,Corretiva
1348,2025-11-26 07:33:00,2025-11-26 11:57:00,WTG-04,Yaw System,302,Yaw motor overload,4.4,Preventiva
1349,2025-11-26 12:40:00,2025-11-26 23:22:00,WTG-13,Yaw System,305,Yaw inverter fault,10.7,Preventiva
1350,2025-11-26 16:19:00,2025-11-27 02:37:00,WTG-15,Gearbox (Multiplicador),703,Bearing vibration high,10.3,Corretiva
1351,2025-11-26 23:41:00,2025-11-27 07:47:00,WTG-24,Pitch System,202,Pitch battery fault,8.1,Corretiva
1352,2025-11-27 03:11:00,2025-11-28 17:17:00,WTG-07,Pitch System,205,Blade angle asymmetry limit reached,38.1,Corretiva
1353,2025-11-27 06:23:00,2025-11-27 14:29:00,WTG-03,Pitch System,205,Blade angle asymmetry limit reached,8.1,Preventiva
1354,2025-11-27 13:25:00,2025-11-27 19:49:00,WTG-16,Sensors / Weather,803,Ice detection on blades,6.4,Corretiva
1355,2025-11-27 21:08:00,2025-11-27 21:56:00,WTG-09,Pitch System,201,Difference between Pitch angles,0.8,Corretiva
1356,2025-11-28 00:40:00,2025-11-28 06:04:00,WTG-16,Pitch System,203,Pitch motor overtemperature,5.4,Corretiva
1357,2025-11-28 07:35:00,2025-11-28 20:47:00,WTG-26,Yaw System,302,Yaw motor overload,13.2,Corretiva
1358,2025-11-28 16:51:00,2025-11-29 01:57:00,WTG-19,Hydraulic System,405,Valve switching failure,9.1,Preventiva
1359,2025-11-28 19:37:00,2025-11-29 00:07:00,WTG-16,Yaw System,305,Yaw inverter fault,4.5,Corretiva
1360,2025-11-29 13:43:00,2025-11-30 14:19:00,WTG-19,Yaw System,305,Yaw inverter fault,24.6,Corretiva
1361,2025-11-29 14:22:00,2025-11-29 23:46:00,WTG-30,Pitch System,205,Blade angle asymmetry limit reached,9.4,Corretiva
1362,2025-11-29 16:04:00,2025-11-29 17:52:00,WTG-26,Converter / Electrical,604,DC link overvoltage,1.8,Corretiva
1363,2025-11-30 09:44:00,2025-11-30 17:38:00,WTG-02,Yaw System,305,Yaw inverter fault,7.9,Corretiva
1364,2025-11-30 10:57:00,2025-11-30 19:45:00,WTG-04,Generator,502,Generator cooling failure,8.8,Corretiva
1365,2025-11-30 15:33:00,2025-12-01 05:33:00,WTG-10,Yaw System,303,Cable twist limit exceeded,14.0,Corretiva
1366,2025-11-30 19:02:00,2025-12-01 02:38:00,WTG-19,Yaw System,301,Yaw error,7.6,Preventiva
1367,2025-12-01 01:22:00,2025-12-02 10:58:00,WTG-16,Gearbox (Multiplicador),704,Oil filter clogged,33.6,Corretiva
1368,2025-12-01 02:04:00,2025-12-01 17:04:00,WTG-23,Sensors / Weather,804,Ambient temperature out of range,15.0,Corretiva
1369,2025-12-01 07:09:00,2025-12-01 15:57:00,WTG-01,Gearbox (Multiplicador),703,Bearing vibration high,8.8,Preventiva
1370,2025-12-01 09:55:00,2025-12-01 14:19:00,WTG-23,Pitch System,203,Pitch motor overtemperature,4.4,Corretiva
1371,2025-12-01 10:23:00,2025-12-01 21:53:00,WTG-16,Pitch System,202,Pitch battery fault,11.5,Preventiva
1372,2025-12-02 03:37:00,2025-12-02 04:49:00,WTG-16,Yaw System,305,Yaw inverter fault,1.2,Corretiva
1373,2025-12-02 11:34:00,2025-12-02 15:46:00,WTG-09,Gearbox (Multiplicador),704,Oil filter clogged,4.2,Corretiva
1374,2025-12-02 12:25:00,2025-12-02 16:55:00,WTG-17,Pitch System,205,Blade angle asymmetry limit reached,4.5,Corretiva
1375,2025-12-03 03:03:00,2025-12-03 03:39:00,WTG-15,Converter / Electrical,603,Converter communication failure,0.6,Corretiva
1376,2025-12-03 13:45:00,2025-12-03 15:51:00,WTG-15,Converter / Electrical,605,Grid frequency instability,2.1,Corretiva
1377,2025-12-04 09:10:00,2025-12-04 11:34:00,WTG-15,Yaw System,301,Yaw error,2.4,Corretiva
1378,2025-12-04 14:10:00,2025-12-04 21:58:00,WTG-04,Sensors / Weather,804,Ambient temperature out of range,7.8,Corretiva
1379,2025-12-04 21:51:00,2025-12-05 04:03:00,WTG-16,Hydraulic System,405,Valve switching failure,6.2,Corretiva
1380,2025-12-05 00:47:00,2025-12-05 03:53:00,WTG-24,Gearbox (Multiplicador),702,High oil temperature,3.1,Corretiva
1381,2025-12-05 06:20:00,2025-12-05 09:08:00,WTG-10,Yaw System,303,Cable twist limit exceeded,2.8,Corretiva
1382,2025-12-05 08:33:00,2025-12-05 13:33:00,WTG-04,Generator,503,Bearing temperature high,5.0,Corretiva
1383,2025-12-05 16:14:00,2025-12-05 22:14:00,WTG-12,Hydraulic System,403,Hydraulic pump motor overload,6.0,Preventiva
1384,2025-12-05 21:25:00,2025-12-06 04:55:00,WTG-21,Sensors / Weather,804,Ambient temperature out of range,7.5,Preventiva
1385,2025-12-05 23:25:00,2025-12-06 16:07:00,WTG-15,Gearbox (Multiplicador),705,Gear mesh frequency vibration,16.7,Corretiva
1386,2025-12-06 00:46:00,2025-12-06 06:16:00,WTG-04,Generator,505,Generator overspeed,5.5,Corretiva
1387,2025-12-06 05:10:00,2025-12-06 18:10:00,WTG-14,Pitch System,201,Difference between Pitch angles,13.0,Corretiva
1388,2025-12-06 07:46:00,2025-12-06 21:40:00,WTG-21,Converter / Electrical,605,Grid frequency instability,13.9,Corretiva
1389,2025-12-06 12:44:00,2025-12-07 05:08:00,WTG-30,Pitch System,204,Pitch position sensor error,16.4,Corretiva
1390,2025-12-06 13:59:00,2025-12-06 17:17:00,WTG-07,Generator,501,High temperature winding,3.3,Corretiva
1391,2025-12-06 16:43:00,2025-12-06 21:31:00,WTG-24,Sensors / Weather,804,Ambient temperature out of range,4.8,Corretiva
1392,2025-12-06 17:03:00,2025-12-06 18:45:00,WTG-15,Yaw System,301,Yaw error,1.7,Corretiva
1393,2025-12-06 17:24:00,2025-12-06 19:18:00,WTG-19,Yaw System,301,Yaw error,1.9,Corretiva
1394,2025-12-06 22:44:00,2025-12-07 11:02:00,WTG-05,Hydraulic System,404,Hydraulic oil low level,12.3,Corretiva
1395,2025-12-07 06:48:00,2025-12-07 07:24:00,WTG-06,Hydraulic System,404,Hydraulic oil low level,0.6,Corretiva
1396,2025-12-07 12:53:00,2025-12-07 15:23:00,WTG-24,Yaw System,303,Cable twist limit exceeded,2.5,Corretiva
1397,2025-12-08 09:04:00,2025-12-08 11:40:00,WTG-17,Converter / Electrical,603,Converter communication failure,2.6,Corretiva
1398,2025-12-08 09:13:00,2025-12-08 10:07:00,WTG-18,Pitch System,202,Pitch battery fault,0.9,Corretiva
1399,2025-12-08 12:19:00,2025-12-08 17:43:00,WTG-03,Sensors / Weather,801,Anemometer mismatch,5.4,Corretiva
1400,2025-12-09 00:49:00,2025-12-09 13:31:00,WTG-09,Pitch System,202,Pitch battery fault,12.7,Corretiva
1401,2025-12-09 01:56:00,2025-12-09 06:56:00,WTG-17,Generator,502,Generator cooling failure,5.0,Corretiva
1402,2025-12-09 03:53:00,2025-12-09 05:41:00,WTG-18,Pitch System,202,Pitch battery fault,1.8,Corretiva
1403,2025-12-09 05:08:00,2025-12-09 16:32:00,WTG-23,Gearbox (Multiplicador),703,Bearing vibration high,11.4,Preventiva
1404,2025-12-09 17:48:00,2025-12-09 22:48:00,WTG-22,Hydraulic System,403,Hydraulic pump motor overload,5.0,Corretiva
1405,2025-12-09 21:13:00,2025-12-10 08:01:00,WTG-02,Converter / Electrical,605,Grid frequency instability,10.8,Preventiva
1406,2025-12-10 01:34:00,2025-12-10 05:34:00,WTG-07,Hydraulic System,405,Valve switching failure,4.0,Corretiva
1407,2025-12-10 10:27:00,2025-12-10 14:39:00,WTG-29,Sensors / Weather,804,Ambient temperature out of range,4.2,Corretiva
1408,2025-12-10 11:09:00,2025-12-10 22:15:00,WTG-15,Generator,501,High temperature winding,11.1,Corretiva
1409,2025-12-10 20:32:00,2025-12-10 22:44:00,WTG-18,Sensors / Weather,804,Ambient temperature out of range,2.2,Corretiva
1410,2025-12-10 21:40:00,2025-12-11 03:40:00,WTG-19,Pitch System,201,Difference between Pitch angles,6.0,Preventiva
1411,2025-12-11 04:32:00,2025-12-11 15:08:00,WTG-10,Hydraulic System,404,Hydraulic oil low level,10.6,Corretiva
1412,2025-12-11 12:11:00,2025-12-11 23:53:00,WTG-01,Generator,505,Generator overspeed,11.7,Preventiva
1413,2025-12-11 13:40:00,2025-12-11 14:22:00,WTG-17,Gearbox (Multiplicador),705,Gear mesh frequency vibration,0.7,Corretiva
1414,2025-12-11 15:50:00,2025-12-11 22:14:00,WTG-22,Hydraulic System,402,High hydraulic pressure,6.4,Corretiva
1415,2025-12-11 17:45:00,2025-12-12 06:33:00,WTG-10,Sensors / Weather,804,Ambient temperature out of range,12.8,Corretiva
1416,2025-12-11 18:45:00,2025-12-11 20:39:00,WTG-06,Hydraulic System,405,Valve switching failure,1.9,Corretiva
1417,2025-12-12 04:19:00,2025-12-12 15:13:00,WTG-14,Yaw System,305,Yaw inverter fault,10.9,Corretiva
1418,2025-12-12 07:21:00,2025-12-13 00:51:00,WTG-18,Sensors / Weather,804,Ambient temperature out of range,17.5,Corretiva
1419,2025-12-13 02:48:00,2025-12-13 04:00:00,WTG-10,Yaw System,305,Yaw inverter fault,1.2,Corretiva
1420,2025-12-13 05:37:00,2025-12-13 15:19:00,WTG-01,Yaw System,301,Yaw error,9.7,Corretiva
1421,2025-12-13 07:04:00,2025-12-13 09:34:00,WTG-11,Generator,505,Generator overspeed,2.5,Corretiva
1422,2025-12-13 13:46:00,2025-12-13 17:22:00,WTG-27,Converter / Electrical,601,Grid voltage out of limits,3.6,Corretiva
1423,2025-12-14 04:10:00,2025-12-14 14:34:00,WTG-23,Generator,504,Slip ring brush wear limit,10.4,Corretiva
1424,2025-12-14 05:25:00,2025-12-14 07:49:00,WTG-07,Yaw System,302,Yaw motor overload,2.4,Corretiva
1425,2025-12-14 06:18:00,2025-12-14 21:42:00,WTG-15,Pitch System,204,Pitch position sensor error,15.4,Corretiva
1426,2025-12-15 03:04:00,2025-12-15 21:22:00,WTG-01,Sensors / Weather,803,Ice detection on blades,18.3,Corretiva
1427,2025-12-15 13:42:00,2025-12-15 22:06:00,WTG-14,Yaw System,304,Yaw brake failure,8.4,Preventiva
1428,2025-12-15 16:24:00,2025-12-15 23:30:00,WTG-23,Yaw System,304,Yaw brake failure,7.1,Corretiva
1429,2025-12-15 16:57:00,2025-12-15 21:51:00,WTG-10,Hydraulic System,404,Hydraulic oil low level,4.9,Corretiva
1430,2025-12-15 17:46:00,2025-12-15 18:16:00,WTG-04,Converter / Electrical,605,Grid frequency instability,0.5,Corretiva
1431,2025-12-16 07:20:00,2025-12-16 12:08:00,WTG-27,Pitch System,205,Blade angle asymmetry limit reached,4.8,Preventiva
1432,2025-12-16 07:38:00,2025-12-16 08:26:00,WTG-01,Gearbox (Multiplicador),701,Low oil pressure,0.8,Corretiva
1433,2025-12-16 11:14:00,2025-12-16 19:32:00,WTG-07,Sensors / Weather,801,Anemometer mismatch,8.3,Preventiva
1434,2025-12-16 13:26:00,2025-12-16 19:56:00,WTG-25,Pitch System,203,Pitch motor overtemperature,6.5,Corretiva
1435,2025-12-16 17:17:00,2025-12-16 20:59:00,WTG-04,Converter / Electrical,604,DC link overvoltage,3.7,Corretiva
1436,2025-12-16 17:48:00,2025-12-17 17:42:00,WTG-20,Yaw System,304,Yaw brake failure,23.9,Corretiva
1437,2025-12-16 18:13:00,2025-12-16 20:19:00,WTG-28,Yaw System,303,Cable twist limit exceeded,2.1,Corretiva
1438,2025-12-16 21:25:00,2025-12-17 09:13:00,WTG-02,Yaw System,303,Cable twist limit exceeded,11.8,Corretiva
1439,2025-12-16 23:37:00,2025-12-17 06:13:00,WTG-03,Hydraulic System,402,High hydraulic pressure,6.6,Corretiva
1440,2025-12-17 02:13:00,2025-12-17 10:31:00,WTG-08,Converter / Electrical,601,Grid voltage out of limits,8.3,Corretiva
1441,2025-12-17 02:38:00,2025-12-17 05:08:00,WTG-12,Yaw System,301,Yaw error,2.5,Corretiva
1442,2025-12-17 07:01:00,2025-12-17 11:49:00,WTG-29,Hydraulic System,402,High hydraulic pressure,4.8,Corretiva
1443,2025-12-17 18:48:00,2025-12-18 03:18:00,WTG-27,Yaw System,301,Yaw error,8.5,Corretiva
1444,2025-12-18 02:57:00,2025-12-18 10:57:00,WTG-30,Gearbox (Multiplicador),702,High oil temperature,8.0,Preventiva
1445,2025-12-18 10:24:00,2025-12-18 17:54:00,WTG-14,Sensors / Weather,803,Ice detection on blades,7.5,Corretiva
1446,2025-12-19 06:48:00,2025-12-19 10:54:00,WTG-24,Generator,503,Bearing temperature high,4.1,Corretiva
1447,2025-12-19 14:56:00,2025-12-19 18:50:00,WTG-28,Hydraulic System,402,High hydraulic pressure,3.9,Corretiva
1448,2025-12-20 00:18:00,2025-12-20 07:06:00,WTG-17,Sensors / Weather,803,Ice detection on blades,6.8,Corretiva
1449,2025-12-20 14:00:00,2025-12-20 18:30:00,WTG-07,Pitch System,203,Pitch motor overtemperature,4.5,Preventiva
1450,2025-12-20 18:07:00,2025-12-21 07:55:00,WTG-29,Converter / Electrical,601,Grid voltage out of limits,13.8,Corretiva
1451,2025-12-21 01:25:00,2025-12-21 13:13:00,WTG-15,Pitch System,202,Pitch battery fault,11.8,Corretiva
1452,2025-12-21 06:54:00,2025-12-21 09:12:00,WTG-29,Hydraulic System,402,High hydraulic pressure,2.3,Corretiva
1453,2025-12-21 08:50:00,2025-12-21 13:08:00,WTG-28,Sensors / Weather,802,Wind vane error,4.3,Corretiva
1454,2025-12-21 18:35:00,2025-12-22 05:35:00,WTG-11,Sensors / Weather,801,Anemometer mismatch,11.0,Preventiva
1455,2025-12-21 21:00:00,2025-12-22 20:48:00,WTG-14,Pitch System,205,Blade angle asymmetry limit reached,23.8,Corretiva
1456,2025-12-22 17:49:00,2025-12-23 03:55:00,WTG-25,Generator,501,High temperature winding,10.1,Corretiva
1457,2025-12-22 20:24:00,2025-12-23 02:12:00,WTG-08,Gearbox (Multiplicador),704,Oil filter clogged,5.8,Corretiva
1458,2025-12-23 03:05:00,2025-12-23 10:17:00,WTG-02,Gearbox (Multiplicador),702,High oil temperature,7.2,Preventiva
1459,2025-12-23 04:58:00,2025-12-23 10:40:00,WTG-12,Yaw System,304,Yaw brake failure,5.7,Corretiva
1460,2025-12-23 08:07:00,2025-12-23 17:19:00,WTG-23,Generator,503,Bearing temperature high,9.2,Preventiva
1461,2025-12-23 13:22:00,2025-12-23 16:52:00,WTG-11,Sensors / Weather,804,Ambient temperature out of range,3.5,Corretiva
1462,2025-12-23 19:42:00,2025-12-23 21:18:00,WTG-11,Generator,503,Bearing temperature high,1.6,Corretiva
1463,2025-12-24 06:03:00,2025-12-24 18:27:00,WTG-27,Pitch System,201,Difference between Pitch angles,12.4,Corretiva
1464,2025-12-25 01:40:00,2025-12-25 09:40:00,WTG-20,Generator,501,High temperature winding,8.0,Preventiva
1465,2025-12-25 07:38:00,2025-12-25 14:50:00,WTG-12,Hydraulic System,404,Hydraulic oil low level,7.2,Corretiva
1466,2025-12-25 11:36:00,2025-12-25 15:30:00,WTG-26,Hydraulic System,402,High hydraulic pressure,3.9,Corretiva
1467,2025-12-25 20:30:00,2025-12-26 03:48:00,WTG-06,Sensors / Weather,803,Ice detection on blades,7.3,Corretiva
1468,2025-12-25 22:44:00,2025-12-26 06:32:00,WTG-29,Gearbox (Multiplicador),701,Low oil pressure,7.8,Corretiva
1469,2025-12-26 16:49:00,2025-12-27 09:31:00,WTG-19,Gearbox (Multiplicador),704,Oil filter clogged,16.7,Corretiva
1470,2025-12-26 19:00:00,2025-12-27 03:30:00,WTG-23,Gearbox (Multiplicador),703,Bearing vibration high,8.5,Corretiva
1471,2025-12-26 21:51:00,2025-12-26 22:27:00,WTG-04,Generator,502,Generator cooling failure,0.6,Corretiva
1472,2025-12-26 23:15:00,2025-12-27 08:15:00,WTG-28,Gearbox (Multiplicador),704,Oil filter clogged,9.0,Preventiva
1473,2025-12-27 01:57:00,2025-12-27 13:51:00,WTG-16,Pitch System,205,Blade angle asymmetry limit reached,11.9,Preventiva
1474,2025-12-27 02:04:00,2025-12-28 02:52:00,WTG-24,Sensors / Weather,804,Ambient temperature out of range,24.8,Corretiva
1475,2025-12-27 02:56:00,2025-12-27 06:50:00,WTG-02,Converter / Electrical,601,Grid voltage out of limits,3.9,Corretiva
1476,2025-12-27 04:20:00,2025-12-27 14:50:00,WTG-22,Generator,502,Generator cooling failure,10.5,Preventiva
1477,2025-12-27 06:20:00,2025-12-27 14:50:00,WTG-06,Hydraulic System,403,Hydraulic pump motor overload,8.5,Preventiva
1478,2025-12-27 12:10:00,2025-12-27 17:22:00,WTG-15,Pitch System,204,Pitch position sensor error,5.2,Corretiva
1479,2025-12-27 13:37:00,2025-12-28 04:49:00,WTG-24,Converter / Electrical,605,Grid frequency instability,15.2,Corretiva
1480,2025-12-27 15:16:00,2025-12-27 17:04:00,WTG-01,Gearbox (Multiplicador),702,High oil temperature,1.8,Corretiva
1481,2025-12-27 15:31:00,2025-12-27 21:07:00,WTG-17,Hydraulic System,403,Hydraulic pump motor overload,5.6,Corretiva
1482,2025-12-27 17:46:00,2025-12-28 01:34:00,WTG-02,Converter / Electrical,604,DC link overvoltage,7.8,Preventiva
1483,2025-12-27 18:15:00,2025-12-28 02:45:00,WTG-30,Yaw System,305,Yaw inverter fault,8.5,Preventiva
1484,2025-12-27 20:35:00,2025-12-28 11:35:00,WTG-13,Generator,505,Generator overspeed,15.0,Corretiva
1485,2025-12-28 04:45:00,2025-12-28 12:39:00,WTG-18,Pitch System,203,Pitch motor overtemperature,7.9,Preventiva
1486,2025-12-28 13:08:00,2025-12-29 03:14:00,WTG-28,Hydraulic System,402,High hydraulic pressure,14.1,Corretiva
1487,2025-12-28 17:26:00,2025-12-29 08:38:00,WTG-01,Yaw System,305,Yaw inverter fault,15.2,Corretiva
1488,2025-12-28 23:53:00,2025-12-29 02:23:00,WTG-10,Sensors / Weather,802,Wind vane error,2.5,Corretiva
1489,2025-12-29 01:17:00,2025-12-29 08:05:00,WTG-06,Hydraulic System,401,Low hydraulic pressure,6.8,Corretiva
1490,2025-12-29 09:11:00,2025-12-29 10:35:00,WTG-08,Yaw System,301,Yaw error,1.4,Corretiva
1491,2025-12-29 17:09:00,2025-12-29 22:57:00,WTG-08,Yaw System,304,Yaw brake failure,5.8,Corretiva
1492,2025-12-29 21:38:00,2025-12-30 01:20:00,WTG-27,Converter / Electrical,603,Converter communication failure,3.7,Corretiva
1493,2025-12-30 07:58:00,2025-12-30 21:10:00,WTG-01,Sensors / Weather,804,Ambient temperature out of range,13.2,Corretiva
1494,2025-12-30 20:40:00,2025-12-31 02:28:00,WTG-06,Converter / Electrical,603,Converter communication failure,5.8,Preventiva
1495,2025-12-31 02:01:00,2025-12-31 14:13:00,WTG-27,Hydraulic System,402,High hydraulic pressure,12.2,Corretiva
1496,2025-12-31 05:39:00,2025-12-31 08:39:00,WTG-28,Hydraulic System,402,High hydraulic pressure,3.0,Corretiva
1497,2025-12-31 08:56:00,2026-01-01 06:20:00,WTG-06,Generator,502,Generator cooling failure,21.4,Corretiva
1498,2025-12-31 16:09:00,2025-12-31 17:57:00,WTG-08,Yaw System,304,Yaw brake failure,1.8,Corretiva
1499,2025-12-31 17:19:00,2025-12-31 20:25:00,WTG-20,Gearbox (Multiplicador),701,Low oil pressure,3.1,Corretiva
1500,2025-12-31 22:30:00,2026-01-01 09:18:00,WTG-27,Generator,501,High temperature winding,10.8,Preventiva
